,author,caprate_title,exagg_puct_title
0,1,1.0654566200430833,0.0
1,0,1.8919088034767384,9.62384739031164
2,0,1.251911528550623,0.0
3,0,0.561080797109523,0.0
4,1,0.7451854336610851,0.0
5,1,1.4514916273050702,0.0
6,0,0.9538373550861889,0.0
7,0,1.0798158736824781,0.0
8,0,1.4307560326292836,0.0
9,1,0.41271808633537027,0.0
10,0,0.8209255924922119,0.0
11,0,1.2147928578927878,0.0
12,1,0.5647721181431382,0.0
13,0,4.402326254243949,0.0
14,0,1.1922966938577362,0.0
15,0,0.4471112601966511,0.0
16,0,1.0088664332642383,0.0
17,1,0.37002311188688364,0.0
18,1,1.1204715918181136,0.0
19,0,1.1005815635609872,14.929301720868056
20,1,0.3765147454287588,0.0
21,0,1.0730670244719624,0.0
22,1,0.20439371894704048,0.0
23,0,1.110069335660651,0.0
24,1,1.0730670244719624,0.0
25,1,0.85845361957757,0.0
26,1,0.9150183929605883,0.0
27,0,0.9630088681158638,0.0
28,1,1.457251514715011,0.0
29,0,0.9960959720836783,0.0
30,1,0.9755154767926932,0.0
31,1,1.5174685194553006,0.0
32,1,1.2717831401149187,0.0
33,1,1.0520264945803555,0.0
34,0,1.0520264945803555,0.0
35,1,0.8175748757881619,0.0
36,0,0.12334103729562788,0.0
37,1,0.12334103729562788,0.0
38,1,1.110069335660651,0.0
39,1,1.1922966938577362,0.0
40,0,1.2381542590061108,0.0
41,0,2.828238669150909,13.54052946776405
42,1,0.6062525561988489,0.0
43,1,0.5299096417145494,0.0
44,0,1.0384519591664154,0.0
45,0,0.8942225203933022,0.0
46,0,1.2334103729562789,0.0
47,1,0.6748849210515488,0.0
48,1,1.2812740590710001,0.0
49,0,0.9667270490738402,0.0
50,0,1.1177781504916278,0.0
51,1,0.6088323543103333,0.0
52,1,0.21678121706504294,0.0
53,0,1.0219685947352024,0.0
54,0,0.9171513029674893,0.0
55,0,0.8942225203933022,0.0
56,1,1.0866501513640128,0.0
57,1,0.9538373550861889,0.0
58,1,0.8516404956126686,0.0
59,1,0.8942225203933022,0.0
60,1,2.510098302858392,0.0
61,0,1.1624892765112929,0.0
62,0,0.8804652508487899,0.0
63,1,1.1355206608168915,0.0
64,0,1.153835510184906,0.0
65,1,0.7733816392590722,0.0
66,1,0.5299096417145494,0.0
67,1,0.2805403985547615,0.0
68,1,0.5961483469288681,0.0
69,0,0.9893525757542918,0.0
70,0,0.941286863571897,0.0
71,0,0.44023262542439495,0.0
72,0,1.1679641082688028,0.0
73,1,0.5863754232087227,0.0
74,1,0.9587540424835405,12.005005507502148
75,1,1.5060589817150352,0.0
76,1,0.31103392013680076,0.0
77,0,1.1922966938577362,0.0
78,1,1.0598192834290987,0.0
79,1,0.2307671020369812,0.0
80,0,1.0384519591664154,0.0
81,0,0.8942225203933022,0.0
82,1,0.7153780163146418,0.0
83,1,0.26013746047805153,0.0
84,0,0.14903708673221702,0.0
85,1,1.5220808857758334,0.0
86,0,1.0633997539812243,0.0
87,1,1.4550061348772374,0.0
88,1,0.9084165286535133,0.0
89,1,0.2682667561179906,0.0
90,0,1.006000335442465,0.0
91,1,0.2649548208572747,0.0
92,0,1.257807501212557,0.0
93,1,1.0219685947352024,0.0
94,1,0.9448388894721683,0.0
95,1,1.0866501513640128,0.0
96,1,0.6289037506062785,0.0
97,0,0.31103392013680076,0.0
98,0,0.8700543441664562,0.0
99,1,0.8487535786783885,0.0
100,1,0.2919910270672007,0.0
101,1,0.4335624341300859,0.0
102,1,0.3406561982450675,0.0
103,0,0.24668207459125577,0.0
104,0,1.1679641082688028,0.0
105,1,0.5690506947957378,0.0
106,1,0.34615065305547177,0.0
107,0,1.077966873898775,0.0
108,1,0.9538373550861889,0.0
109,1,0.7610404428879167,0.0
110,1,1.1295442362862764,0.0
111,1,0.3902061907170773,0.0
112,1,1.1922966938577362,24.26011529641059
113,1,1.1745012208150833,0.0
114,0,0.22355563009832555,0.0
115,1,1.3178016090006557,0.0
116,1,0.23845933877154724,0.0
117,1,0.4877577383963466,0.0
118,1,1.4800924475475346,0.0
119,1,0.19334540981476805,0.0
120,0,0.2919910270672007,0.0
121,0,1.4119302953578454,0.0
122,0,7.1537801631464175,0.0
123,0,0.8346076857004153,0.0
124,1,1.4699548280437842,0.0
125,1,0.5365335122359812,0.0
126,0,0.9755154767926932,0.0
127,1,0.36375153371930935,0.0
128,0,0.8942225203933022,0.0
129,0,1.4307560326292836,77.63236894851389
130,0,6.028466429617767,0.0
131,1,1.4119302953578454,0.0
132,1,0.9667270490738402,0.0
133,1,0.5049727173985706,0.0
134,1,1.1745012208150833,0.0
135,1,0.23845933877154724,0.0
136,1,0.85845361957757,0.0
137,0,1.0219685947352024,0.0
138,1,0.5260132472901777,0.0
139,0,1.210639719917086,0.0
140,1,0.8942225203933022,0.0
141,1,0.9538373550861889,0.0
142,0,0.812929563993911,0.0
143,0,0.10839060853252147,0.0
144,0,1.5174685194553006,0.0
145,1,1.0015292228404986,0.0
146,0,1.5551696006840037,0.0
147,1,0.11355206608168916,0.0
148,1,1.1005815635609872,0.0
149,1,3.251718255975644,0.0
150,1,1.122161594219046,0.0
151,0,1.1922966938577362,0.0
152,0,1.4307560326292836,77.63236894851389
153,1,1.2090896050388311,0.0
154,0,1.5060589817150352,0.0
155,1,1.371957839507532,31.903713266512558
156,0,0.3765147454287588,0.0
157,0,1.0730670244719624,0.0
158,1,1.1253137335286498,0.0
159,0,2.0080786422867134,0.0
160,1,1.157229144038391,0.0
161,1,1.1693679112835489,0.0
162,1,1.1922966938577362,0.0
163,1,0.15220808857758333,0.0
164,1,1.091254601157928,0.0
165,1,1.277460743419003,0.0
166,1,0.1625859127987822,0.0
167,1,0.9867282983650231,0.0
168,1,0.47691867754309447,0.0
169,1,0.3022724012597078,0.0
170,1,1.1922966938577362,0.0
171,1,0.7013509963869037,0.0
172,0,1.0677283825591666,0.0
173,1,0.2510098302858392,0.0
174,0,0.85845361957757,0.0
175,1,0.8795631348130841,0.0
176,0,0.2682667561179906,0.0
177,1,0.929062358850184,0.0
178,0,0.9700040899181582,0.0
179,1,0.9331017604104023,0.0
180,1,1.153835510184906,0.0
181,1,1.2624317934964266,0.0
182,0,1.1772043306443472,0.0
183,1,0.08416211956642844,0.0
184,1,1.0677283825591666,0.0
185,0,0.3866908196295361,0.0
186,1,0.22355563009832555,0.0
187,1,0.9935805782147802,0.0
188,1,1.0405498419122061,0.0
189,1,1.153835510184906,0.0
190,1,0.9596534365196414,0.0
191,0,0.8283324399432693,0.0
192,1,1.1922966938577362,0.0
193,1,0.5109842973676012,0.0
194,1,0.4967902891073901,0.0
195,0,1.579406010045313,0.0
196,0,1.251911528550623,0.0
197,1,1.046894658021427,0.0
198,1,0.11177781504916277,0.0
199,0,0.9104811116731802,0.0
200,1,0.6706668902949766,0.0
201,0,0.929062358850184,0.0
202,0,0.8175748757881619,0.0
203,0,1.1600724588886082,0.0
204,0,0.8619012244754719,0.0
205,1,0.30121179634300704,0.0
206,0,0.804800268353972,0.0
207,1,0.21678121706504294,0.0
208,0,1.0219685947352024,0.0
209,0,2.0030584456809972,0.0
210,1,1.0405498419122061,0.0
211,1,1.1679641082688028,0.0
212,0,0.30441617715516667,0.0
213,1,0.40878743789408095,0.0
214,1,3.0659057842056074,0.0
215,0,1.157229144038391,0.0
216,1,0.19871611564295602,0.0
217,1,1.122161594219046,0.0
218,0,1.3910128095006922,0.0
219,1,0.4822773143694214,0.0
220,0,0.9171513029674893,0.0
221,1,0.5839820541344014,0.0
222,0,1.3309358443063102,0.0
223,1,0.9799698853625228,0.0
224,0,1.3247741042863734,0.0
225,1,1.2399885616120456,0.0
226,1,0.8942225203933022,0.0
227,1,0.6062525561988489,0.0
228,1,0.9230684081479248,0.0
229,1,0.30441617715516667,0.0
230,1,1.4307560326292836,0.0
231,0,1.1005815635609872,0.0
232,0,1.1922966938577362,0.0
233,1,1.0219685947352024,0.0
234,1,1.1922966938577362,0.0
235,1,0.5260132472901777,0.0
236,1,1.882573727143794,0.0
237,0,5.7230241305171345,0.0
238,0,0.2649548208572747,0.0
239,0,1.650872345341481,0.0
240,1,1.046894658021427,0.0
241,1,0.4691003385669782,0.0
242,1,1.4550061348772374,0.0
243,1,0.39743223128591204,0.0
244,1,0.9331017604104023,0.0
245,0,1.081385373498877,13.54052946776405
246,1,0.2751453908902468,0.0
247,0,1.2236729226434662,0.0
248,1,1.046894658021427,0.0
249,1,1.1071326442964693,0.0
250,1,0.2919910270672007,0.0
251,0,0.3576890081573209,0.0
252,1,0.43798654060080106,0.0
253,1,0.3902061907170773,0.0
254,0,0.8942225203933022,0.0
255,1,1.13192724100418,0.0
256,0,1.3457606247503162,0.0
257,1,0.6503436511951288,0.0
258,0,0.15897289251436483,0.0
259,1,0.45420826432675665,0.0
260,1,0.8516404956126686,0.0
261,1,1.1727508464174454,9.544963395309086
262,1,1.4307560326292836,0.0
263,0,1.0520264945803555,0.0
264,1,0.20439371894704048,0.0
265,0,6.013322455978147,0.0
266,0,0.38153494203447563,0.0
267,0,7.1537801631464175,0.0
268,1,2.009488809872589,0.0
269,1,0.5419530426626074,0.0
270,0,0.7948644625718241,0.0
271,0,1.0219685947352024,0.0
272,1,0.8743509088290066,0.0
273,1,0.5839820541344014,0.0
274,0,0.8149876135230095,0.0
275,1,1.0432596071255194,0.0
276,0,0.9132485314655,0.0
277,1,1.149714669077103,0.0
278,1,0.08318349026914439,0.0
279,1,0.29807417346443404,0.0
280,1,0.17663654723818314,0.0
281,0,0.806059736692554,0.0
282,1,0.23845933877154724,0.0
283,0,1.153835510184906,0.0
284,1,0.9331017604104023,0.0
285,1,2.1733003027280255,0.0
286,1,0.7587342597276503,0.0
287,1,0.6167051864781394,0.0
288,0,1.612119473385108,0.0
289,0,0.9700040899181582,0.0
290,1,0.22710413216337832,0.0
291,0,0.3902061907170773,0.0
292,1,0.4471112601966511,0.0
293,0,0.8700543441664562,0.0
294,1,0.2805403985547615,0.0
295,1,0.9667270490738402,0.0
296,0,0.9538373550861889,0.0
297,1,1.3567514102519067,0.0
298,0,1.3309358443063102,0.0
299,0,0.36375153371930935,0.0
300,0,0.3251718255975644,0.0
301,0,1.0317952158384254,0.0
302,1,0.2805403985547615,0.0
303,1,0.21899327030040053,0.0
304,0,0.8149876135230095,0.0
305,0,1.1177781504916278,18.195086472307942
306,0,0.26995396842061953,0.0
307,1,1.1600724588886082,0.0
308,1,0.9755154767926932,0.0
309,0,0.3251718255975644,0.0
310,1,0.1277460743419003,0.0
311,1,0.9905234072048886,0.0
312,1,1.091254601157928,0.0
313,0,1.1148748306202207,0.0
314,1,1.0839060853252147,0.0
315,1,0.5020196605716784,0.0
316,1,0.3576890081573209,0.0
317,0,1.149714669077103,0.0
318,0,4.740456734615096,0.0
319,1,0.9448388894721683,0.0
320,1,2.146134048943925,0.0
321,0,0.5109842973676012,0.0
322,0,2.0080786422867134,0.0
323,0,1.2236729226434662,0.0
324,0,0.9667270490738402,0.0
325,0,1.112810247600554,0.0
326,1,0.2919910270672007,0.0
327,1,0.15897289251436483,0.0
328,1,0.1625859127987822,0.0
329,1,0.20439371894704048,0.0
330,1,1.3337556236374677,0.0
331,1,1.2677585099246815,0.0
332,1,1.1922966938577362,0.0
333,0,1.2661557810878614,0.0
334,1,0.8671248682601718,0.0
335,1,1.0839060853252147,0.0
336,1,0.5961483469288681,0.0
337,1,0.22710413216337832,0.0
338,1,0.14903708673221702,0.0
339,0,1.2490727268985806,0.0
340,1,0.9905234072048886,0.0
341,0,1.0219685947352024,0.0
342,0,0.9893525757542918,0.0
343,0,1.7448244300357114,0.0
344,1,0.3406561982450675,0.0
345,1,0.9538373550861889,0.0
346,0,0.09538373550861891,0.0
347,1,1.1922966938577362,0.0
348,0,1.3006873023902576,0.0
349,1,0.7804123814341546,0.0
350,1,0.9036353890290212,0.0
351,1,0.9935805782147802,0.0
352,0,0.12334103729562788,0.0
353,1,0.1625859127987822,0.0
354,1,0.9331017604104023,0.0
355,1,0.41471189351573434,0.0
356,0,1.6434359834255283,0.0
357,0,1.1922966938577362,0.0
358,1,0.6654679221531551,0.0
359,0,1.6943163544294144,0.0
360,1,1.3497698421030977,0.0
361,1,0.26013746047805153,0.0
362,1,0.36686052118699575,0.0
363,1,1.2739608509712796,0.0
364,0,0.9836447724326325,0.0
365,1,1.1624892765112929,0.0
366,1,0.3765147454287588,0.0
367,1,0.2751453908902468,0.0
368,0,4.958065459606427,0.0
369,0,0.9538373550861889,0.0
370,1,0.21678121706504294,0.0
371,1,1.3757269544512343,14.929301720868056
372,1,0.4471112601966511,0.0
373,1,0.39743223128591204,0.0
374,1,1.1772043306443472,0.0
375,1,1.1295442362862764,30.64435616388706
376,1,1.7083654120946667,17.380381107876243
377,1,0.2919910270672007,0.0
378,0,1.0730670244719624,0.0
379,1,0.4967902891073901,0.0
380,0,0.4018977619745178,0.0
381,0,0.9036353890290212,0.0
382,1,1.36262479298027,0.0
383,0,0.41271808633537027,0.0
384,0,1.1083321379522617,0.0
385,1,0.22710413216337832,0.0
386,0,1.112810247600554,0.0
387,1,0.6706668902949766,0.0
388,1,0.8759730812016021,0.0
389,1,2.0612586910760866,0.0
390,0,1.0886187204788027,0.0
391,1,1.0730670244719624,0.0
392,1,1.4936464076899114,0.0
393,1,0.9935805782147802,0.0
394,1,0.681312396490135,0.0
395,1,0.6923013061109435,0.0
396,1,1.3247741042863734,0.0
397,1,0.8149876135230095,0.0
398,0,1.3275055972849021,0.0
399,1,0.7013509963869037,0.0
400,1,1.0219685947352024,0.0
401,0,0.6503436511951288,0.0
402,1,0.49336414918251154,0.0
403,0,0.9132485314655,0.0
404,0,0.2307671020369812,0.0
405,0,0.9538373550861889,0.0
406,1,0.3576890081573209,0.0
407,1,1.1083321379522617,0.0
408,1,0.5961483469288681,0.0
409,0,2.0685629387411324,0.0
410,1,0.5800362294443041,0.0
411,0,0.46655088020520114,0.0
412,1,0.9667270490738402,0.0
413,1,0.11727508464174455,0.0
414,0,0.94682384512232,0.0
415,0,1.0219685947352024,0.0
416,0,1.2692190612033967,0.0
417,1,0.96095554430325,0.0
418,0,0.941286863571897,0.0
419,1,1.1679641082688028,0.0
420,1,0.5647721181431382,0.0
421,1,0.2015149341731385,0.0
422,1,1.258535399072055,0.0
423,0,1.3958595440285693,0.0
424,1,0.22710413216337832,0.0
425,0,0.08516404956126687,0.0
426,0,5.97781630071139,0.0
427,1,0.39743223128591204,0.0
428,1,0.3406561982450675,0.0
429,0,0.26013746047805153,0.0
430,0,1.3006873023902576,0.0
431,1,0.8724122150178557,0.0
432,1,1.110069335660651,0.0
433,1,0.36375153371930935,0.0
434,1,0.9667270490738402,0.0
435,1,0.8942225203933022,0.0
436,1,2.2549959209918056,0.0
437,0,0.37002311188688364,0.0
438,0,2.0650087068876255,0.0
439,1,3.123481479683647,0.0
440,1,1.3978650893504494,0.0
441,1,1.0384519591664154,0.0
442,1,1.1005815635609872,0.0
443,1,1.226362313682243,0.0
444,1,1.0730670244719624,0.0
445,1,0.8831827361909157,0.0
446,1,0.40493095263092926,0.0
447,0,0.9935805782147802,0.0
448,0,5.653793999906039,0.0
449,0,0.9867282983650231,0.0
450,1,0.13247741042863734,0.0
451,1,0.9273418730004614,0.0
452,1,0.9538373550861889,0.0
453,1,2.0286839268624166,0.0
454,0,0.17663654723818314,0.0
455,1,0.1277460743419003,0.0
456,1,0.7337210423739915,0.0
457,1,1.1759638624350275,0.0
458,1,1.511362006298539,0.0
459,1,1.0015292228404986,0.0
460,0,1.1922966938577362,0.0
461,1,0.3518252539252336,0.0
462,1,0.2751453908902468,0.0
463,1,0.12334103729562788,0.0
464,1,0.47167781295470884,0.0
465,1,0.7948644625718241,0.0
466,1,1.1922966938577362,0.0
467,1,1.2236729226434662,0.0
468,1,0.4615342040739624,0.0
469,0,1.1922966938577362,0.0
470,1,1.2916547516792143,0.0
471,1,0.32151820957961424,0.0
472,0,1.0677283825591666,0.0
473,1,2.57536085873271,23.28971068455417
474,1,1.7884450407866044,0.0
475,1,1.055475761775701,0.0
476,0,0.2307671020369812,0.0
477,1,1.0730670244719624,0.0
478,1,0.5299096417145494,0.0
479,0,0.3353334451474883,0.0
480,1,1.4514916273050702,0.0
481,1,0.21678121706504294,0.0
482,0,6.160199584931638,0.0
483,0,5.234473290107134,0.0
484,0,0.9700040899181582,0.0
485,1,0.44159136809545785,0.0
486,0,1.2147928578927878,0.0
487,1,1.3757269544512343,0.0
488,1,1.0367797337893359,0.0
489,1,1.6215235036465212,0.0
490,1,0.5202749209561031,0.0
491,0,0.47167781295470884,0.0
492,1,0.7400462237737673,0.0
493,1,1.2717831401149187,0.0
494,0,0.464531179425092,0.0
495,0,0.36686052118699575,0.0
496,1,1.0354155499290867,0.0
497,1,1.1624892765112929,0.0
498,1,0.8175748757881619,0.0
499,0,3.3485779487068337,12.388143981145832
500,0,0.6503436511951288,0.0
501,1,0.46655088020520114,0.0
502,0,0.8633872610693952,0.0
503,0,1.1706185721512319,0.0
504,0,1.0798158736824781,0.0
505,1,1.0219685947352024,0.0
506,0,4.662014038904407,0.0
507,0,1.153835510184906,0.0
508,1,0.09935805782147801,0.0
509,0,0.8619012244754719,0.0
510,0,1.5329528921028037,0.0
511,1,0.7824447053441393,0.0
512,0,1.0730670244719624,0.0
513,0,1.0886187204788027,0.0
514,0,1.287680429366355,0.0
515,1,0.9700040899181582,0.0
516,1,0.7530294908575176,0.0
517,1,0.24955047080743314,0.0
518,0,0.905541792803344,0.0
519,1,1.0483988170128369,0.0
520,0,1.0697241365452586,0.0
521,1,0.36375153371930935,0.0
522,0,1.2090896050388311,0.0
523,1,0.8619012244754719,0.0
524,1,0.0,0.0
525,0,1.4158523239560616,0.0
526,0,1.4106045392119695,0.0
527,1,0.1644547163941705,0.0
528,1,1.0949663515020027,0.0
529,1,1.0520264945803555,0.0
530,1,0.8560078827696568,0.0
531,1,0.4877577383963466,0.0
532,0,1.5329528921028037,0.0
533,0,0.8759730812016021,0.0
534,1,0.46655088020520114,0.0
535,0,1.3285591731557633,0.0
536,1,0.6654679221531551,0.0
537,1,2.104052989160711,0.0
538,0,1.4307560326292836,0.0
539,1,1.0730670244719624,0.0
540,0,1.1759638624350275,15.951856633256279
541,1,0.40878743789408095,0.0
542,0,1.2624317934964266,0.0
543,1,0.14027019927738074,0.0
544,1,0.6923013061109435,0.0
545,1,0.31794578502872967,0.0
546,0,0.941286863571897,0.0
547,1,1.0040393211433567,0.0
548,0,0.9171513029674893,0.0
549,0,1.2624317934964266,0.0
550,0,5.054301202223012,0.0
551,0,1.5060589817150352,0.0
552,1,1.1922966938577362,24.26011529641059
553,1,1.0598192834290987,0.0
554,1,0.34615065305547177,0.0
555,1,0.9230684081479248,0.0
556,1,0.576917755092453,0.0
557,1,1.0325043534438128,0.0
558,0,1.1415606643318752,0.0
559,0,1.0839060853252147,0.0
560,0,1.1005815635609872,0.0
561,0,0.20439371894704048,0.0
562,1,0.7275030674386187,0.0
563,0,0.9448388894721683,0.0
564,0,1.0798158736824781,0.0
565,0,0.4991009416148663,0.0
566,0,1.1005815635609872,0.0
567,1,1.3413337805899532,0.0
568,1,1.6376123265033966,0.0
569,1,2.2539307363338024,0.0
570,1,0.22011631271219748,0.0
571,0,0.8471581772147072,0.0
572,0,0.7013509963869037,0.0
573,1,0.6503436511951288,0.0
574,1,1.3006873023902576,17.64372021557134
575,1,0.3576890081573209,0.0
576,0,0.8346076857004153,0.0
577,0,2.413323428531321,28.05989239102912
578,0,1.0088664332642383,0.0
579,1,1.1600724588886082,0.0
580,1,0.2823860590715691,0.0
581,1,1.0866501513640128,0.0
582,1,0.24668207459125577,0.0
583,1,1.046894658021427,0.0
584,1,0.7824447053441393,0.0
585,1,0.2345501692834891,0.0
586,1,1.1922966938577362,0.0
587,1,1.3309358443063102,0.0
588,1,0.31103392013680076,0.0
589,0,1.2295559655407904,0.0
590,1,1.091254601157928,0.0
591,1,0.47691867754309447,0.0
592,0,0.9867282983650231,0.0
593,1,1.0654566200430833,24.776287962291665
594,1,0.1375726954451234,0.0
595,1,0.9382006771339564,0.0
596,0,1.2624317934964266,0.0
597,0,0.9982018832297326,0.0
598,0,3.5768900815732088,0.0
599,0,0.5863754232087227,0.0
600,1,0.6503436511951288,0.0
601,1,1.3006873023902576,0.0
602,1,0.4471112601966511,0.0
603,0,0.5502907817804936,0.0
604,1,0.17448244300357116,0.0
605,0,1.367634442954462,0.0
606,0,1.7884450407866044,0.0
607,1,0.3489648860071423,0.0
608,1,0.22355563009832555,0.0
609,1,1.0839060853252147,0.0
610,1,1.1511830147591935,0.0
611,1,0.11005815635609874,0.0
612,1,1.3337556236374677,0.0
613,0,0.8700543441664562,0.0
614,1,0.14307560326292834,0.0
615,1,0.8724122150178557,0.0
616,0,1.4307560326292836,0.0
617,0,0.8098619052618585,0.0
618,0,1.6153697142588683,0.0
619,0,1.0520264945803555,0.0
620,1,0.8416211956642844,0.0
621,0,1.1727508464174454,0.0
622,0,1.3910128095006922,0.0
623,1,0.3765147454287588,0.0
624,1,0.5049727173985706,0.0
625,1,0.24668207459125577,0.0
626,1,0.7275030674386187,0.0
627,0,1.2066617142656606,0.0
628,0,0.47691867754309447,0.0
629,1,0.9799698853625228,0.0
630,1,0.19871611564295602,0.0
631,1,0.85845361957757,0.0
632,1,0.8149876135230095,0.0
633,0,0.39198795414500914,15.951856633256279
634,1,0.9197717352616821,0.0
635,1,0.3406561982450675,0.0
636,1,0.9982018832297326,0.0
637,1,1.3943808792573527,0.0
638,1,0.8487535786783885,0.0
639,1,1.36262479298027,0.0
640,1,0.1277460743419003,0.0
641,1,1.2677585099246815,0.0
642,1,1.244135680547203,0.0
643,1,0.806059736692554,0.0
644,1,0.9755154767926932,0.0
645,0,1.0432596071255194,0.0
646,0,0.8700543441664562,0.0
647,1,0.1255049151429196,0.0
648,1,1.046894658021427,14.201043100337907
649,1,0.9331017604104023,0.0
650,1,1.1005815635609872,0.0
651,1,0.9935805782147802,0.0
652,0,1.7674045108949972,0.0
653,0,0.6167051864781394,0.0
654,1,1.882573727143794,0.0
655,1,0.9755154767926932,0.0
656,1,0.09935805782147801,0.0
657,1,1.2066617142656606,0.0
658,1,1.153835510184906,0.0
659,0,1.244135680547203,0.0
660,1,1.1772043306443472,0.0
661,0,0.6503436511951288,0.0
662,1,0.41271808633537027,0.0
663,1,2.076903918332831,25.042699660810936
664,1,1.0929386360362583,0.0
665,0,6.005642606098227,14.376364620095163
666,0,0.1277460743419003,0.0
667,1,0.9538373550861889,0.0
668,1,1.1295442362862764,0.0
669,0,7.1537801631464175,0.0
670,1,1.1922966938577362,0.0
671,1,0.12334103729562788,0.0
672,1,1.0798158736824781,0.0
673,0,0.4850020449590791,0.0
674,0,0.8471581772147072,0.0
675,1,5.6404805132500595,22.393952581302084
676,1,1.1847024474000436,14.834210627104566
677,0,0.8346076857004153,0.0
678,1,0.2510098302858392,0.0
679,1,1.2077810665052393,0.0
680,0,1.149714669077103,20.794384539780506
681,1,0.19871611564295602,0.0
682,1,0.29807417346443404,0.0
683,1,0.8516404956126686,0.0
684,1,1.0015292228404986,0.0
685,1,0.13247741042863734,0.0
686,0,1.1679641082688028,0.0
687,0,1.4307560326292836,77.63236894851389
688,1,1.3935935382752762,0.0
689,1,1.4106045392119695,0.0
690,1,0.8175748757881619,0.0
691,0,1.8235125906059493,0.0
692,0,1.699022788747274,0.0
693,1,0.8318349026914439,0.0
694,1,0.9960959720836783,0.0
695,0,0.7400462237737673,0.0
696,1,0.29807417346443404,0.0
697,1,0.11355206608168916,0.0
698,0,1.1922966938577362,0.0
699,1,0.7036505078504672,0.0
700,1,0.7948644625718241,0.0
701,1,0.3622167171213376,0.0
702,1,0.44023262542439495,0.0
703,1,0.0,0.0
704,1,1.1177781504916278,0.0
705,1,1.2187921759434637,0.0
706,1,0.36375153371930935,0.0
707,1,0.5202749209561031,0.0
708,1,1.1922966938577362,0.0
709,0,1.3927713591966475,0.0
710,0,1.0405498419122061,0.0
711,0,1.600187668072225,0.0
712,1,0.6503436511951288,0.0
713,0,0.22011631271219748,0.0
714,0,0.8942225203933022,0.0
715,1,0.5961483469288681,0.0
716,1,1.0219685947352024,0.0
717,1,0.5109842973676012,0.0
718,0,1.1446048261034267,0.0
719,1,0.627524575714598,0.0
720,1,1.0839060853252147,0.0
721,0,1.0598192834290987,0.0
722,1,0.15220808857758333,0.0
723,1,1.1381013895914756,0.0
724,1,0.16636698053828877,0.0
725,0,1.1404577071682693,0.0
726,0,1.4500905736107603,0.0
727,0,1.1922966938577362,0.0
728,0,1.1922966938577362,0.0
729,0,0.3518252539252336,0.0
730,1,1.1446048261034267,0.0
731,1,0.6312158967482133,0.0
732,1,1.1295442362862764,0.0
733,1,1.6636698053828878,27.0810589355281
734,1,1.453111595639116,18.195086472307942
735,0,1.0886187204788027,0.0
736,0,1.5329528921028037,0.0
737,1,1.1446048261034267,0.0
738,0,0.6420059120772426,0.0
739,1,0.18343026059349787,0.0
740,1,0.3489648860071423,0.0
741,1,0.39743223128591204,0.0
742,1,1.1922966938577362,0.0
743,1,0.9982018832297326,0.0
744,1,1.0075746708656925,0.0
745,0,0.22710413216337832,0.0
746,0,1.1177781504916278,0.0
747,0,1.110069335660651,0.0
748,0,5.45049917192108,0.0
749,0,0.7337210423739915,0.0
750,1,1.0886187204788027,0.0
751,1,0.9935805782147802,0.0
752,1,1.1922966938577362,0.0
753,0,1.0492210905948078,0.0
754,1,0.1277460743419003,0.0
755,0,1.7663654723818314,0.0
756,1,0.10839060853252147,0.0
757,0,5.421812334174127,0.0
758,1,0.9171513029674893,0.0
759,1,2.276202779182951,0.0
760,1,0.7804123814341546,0.0
761,1,0.47691867754309447,0.0
762,0,1.4800924475475346,0.0
763,1,0.4899849426812614,0.0
764,1,0.11355206608168916,0.0
765,1,1.6225068411259915,0.0
766,0,0.36375153371930935,0.0
767,0,1.467442084747983,14.929301720868056
768,1,0.3406561982450675,0.0
769,1,0.2104052989160711,0.0
770,0,1.36987279719825,0.0
771,1,1.0418126451184102,0.0
772,1,0.3866908196295361,0.0
773,1,0.6503436511951288,0.0
774,1,1.3178016090006557,0.0
775,1,0.7299775676680018,0.0
776,1,0.13006873023902576,0.0
777,1,0.7948644625718241,0.0
778,1,0.9667270490738402,0.0
779,0,1.5897289251436482,0.0
780,1,0.929062358850184,30.24637751240801
781,1,0.3576890081573209,0.0
782,0,0.5800362294443041,0.0
783,1,0.8942225203933022,0.0
784,0,0.812929563993911,0.0
785,1,0.24668207459125577,0.0
786,1,0.23845933877154724,0.0
787,0,0.6088323543103333,0.0
788,1,0.6654679221531551,0.0
789,1,0.8671248682601718,0.0
790,0,0.627524575714598,0.0
791,0,0.9755154767926932,0.0
792,0,1.0219685947352024,0.0
793,1,1.210639719917086,0.0
794,0,1.0015292228404986,0.0
795,1,0.3406561982450675,0.0
796,1,1.006000335442465,0.0
797,0,1.6059506488696038,0.0
798,1,0.9084165286535133,0.0
799,0,1.4307560326292836,0.0
800,1,1.714947299384415,7.975928316628139
801,0,0.9538373550861889,0.0
802,0,0.1882573727143794,0.0
803,1,0.8416211956642844,0.0
804,0,0.9982018832297326,0.0
805,0,1.2624317934964266,0.0
806,1,0.2805403985547615,0.0
807,1,0.5723024130517134,0.0
808,1,1.2567451637959923,0.0
809,1,1.3567514102519067,0.0
810,0,0.9667270490738402,0.0
811,0,0.929062358850184,0.0
812,0,0.9489708379684023,0.0
813,1,1.3006873023902576,0.0
814,0,1.2176647086206667,0.0
815,1,0.09935805782147801,0.0
816,1,0.7364185462062488,0.0
817,1,0.9230684081479248,0.0
818,1,0.5234473290107134,0.0
819,1,2.268271759046425,14.201043100337907
820,1,0.9273418730004614,0.0
821,1,0.8318349026914439,0.0
822,0,1.3178016090006557,0.0
823,1,1.153835510184906,0.0
824,1,0.47691867754309447,0.0
825,1,0.6387303717095015,0.0
826,0,5.791155370166147,13.862923026520336
827,1,1.1922966938577362,0.0
828,1,0.17032809912253374,0.0
829,1,1.46327321518904,0.0
830,1,0.15551696006840038,0.0
831,1,0.3406561982450675,0.0
832,1,0.8416211956642844,0.0
833,1,1.650872345341481,0.0
834,1,0.6167051864781394,0.0
835,0,1.1511830147591935,0.0
836,1,1.0219685947352024,0.0
837,0,1.0219685947352024,0.0
838,1,0.2649548208572747,0.0
839,1,1.4847468263134074,0.0
840,1,0.7530294908575176,0.0
841,0,1.3413337805899532,0.0
842,0,0.3902061907170773,0.0
843,1,1.1260579886434177,10.782273465071373
844,1,1.0405498419122061,0.0
845,0,1.0492210905948078,0.0
846,1,0.6503436511951288,0.0
847,1,1.1922966938577362,0.0
848,0,5.961483469288681,0.0
849,0,1.1745012208150833,0.0
850,1,0.10219685947352024,0.0
851,0,1.0520264945803555,0.0
852,1,0.9867282983650231,0.0
853,1,1.1624892765112929,0.0
854,1,0.3406561982450675,0.0
855,1,0.8819728968262706,0.0
856,0,0.929062358850184,15.123188756204005
857,0,1.1645688637680216,0.0
858,1,1.046894658021427,14.201043100337907
859,0,0.33273396107657754,0.0
860,0,0.2861512065258567,0.0
861,0,1.1922966938577362,0.0
862,0,1.1922966938577362,19.40809223712847
863,0,0.9935805782147802,0.0
864,0,0.9257833152307129,13.699829814443628
865,1,0.8841750763439392,0.0
866,1,0.31103392013680076,0.0
867,1,0.11177781504916277,0.0
868,1,1.1922966938577362,0.0
869,0,1.3006873023902576,0.0
870,0,0.3866908196295361,0.0
871,1,0.0,0.0
872,1,1.2381542590061108,0.0
873,1,0.9448388894721683,0.0
874,1,1.36262479298027,0.0
875,1,0.5690506947957378,0.0
876,1,1.46327321518904,26.46558032335701
877,0,1.046894658021427,0.0
878,1,0.9084165286535133,0.0
879,1,1.730753265277359,0.0
880,0,0.5109842973676012,0.0
881,0,0.3765147454287588,0.0
882,0,1.0219685947352024,0.0
883,0,0.1375726954451234,0.0
884,1,1.1706185721512319,0.0
885,1,1.1922966938577362,0.0
886,0,0.7869158179461059,0.0
887,0,0.8254361726707405,0.0
888,0,0.17884450407866045,0.0
889,1,0.1882573727143794,0.0
890,1,1.5499857020150571,0.0
891,1,1.71690723915514,0.0
892,0,0.26013746047805153,0.0
893,0,0.2345501692834891,0.0
894,0,1.0219685947352024,0.0
895,1,1.371957839507532,0.0
896,1,1.2624317934964266,0.0
897,1,0.11005815635609874,0.0
898,1,2.1267995079624487,0.0
899,0,0.5626568667643249,0.0
900,1,0.39743223128591204,0.0
901,0,1.2624317934964266,0.0
902,0,0.5626568667643249,0.0
903,1,0.6503436511951288,0.0
904,0,1.1005815635609872,14.929301720868056
905,1,1.1922966938577362,0.0
906,1,0.19599397707250457,0.0
907,1,0.6706668902949766,0.0
908,0,0.3251718255975644,0.0
909,0,1.3478136539261367,0.0
910,0,1.210639719917086,0.0
911,0,1.1446048261034267,0.0
912,1,1.221377101024998,0.0
913,1,0.8671248682601718,0.0
914,0,1.0677283825591666,0.0
915,1,0.8850037315232682,0.0
916,1,1.055475761775701,0.0
917,0,1.1241654542087227,0.0
918,0,0.15551696006840038,0.0
919,0,0.8378301091973281,0.0
920,1,1.2477523540371658,0.0
921,0,6.220678402736015,12.65745145899683
922,0,0.4471112601966511,0.0
923,0,0.08724122150178558,0.0
924,0,0.7299775676680018,0.0
925,1,0.43798654060080106,0.0
926,1,0.8724122150178557,0.0
927,0,0.8076848571294342,0.0
928,0,0.8785344060004372,0.0
929,0,1.0384519591664154,0.0
930,0,1.315637731153364,0.0
931,0,1.4307560326292836,0.0
932,0,1.157229144038391,0.0
933,0,1.3006873023902576,0.0
934,1,0.43798654060080106,0.0
935,0,1.71690723915514,0.0
936,0,1.2399885616120456,0.0
937,1,1.1727508464174454,0.0
938,1,0.4335624341300859,0.0
939,1,0.9667270490738402,0.0
940,1,0.26995396842061953,0.0
941,1,1.1005815635609872,0.0
942,1,1.0219685947352024,7.232829405141045
943,0,0.8541827060473334,0.0
944,1,0.17448244300357116,0.0
945,1,0.9596534365196414,0.0
946,1,1.0598192834290987,0.0
947,1,0.9667270490738402,0.0
948,0,1.4307560326292836,0.0
949,1,0.2554921486838006,0.0
950,0,0.2554921486838006,0.0
951,1,0.9448388894721683,0.0
952,1,0.7948644625718241,0.0
953,1,0.17663654723818314,0.0
954,0,0.5109842973676012,0.0
955,0,1.1083321379522617,0.0
956,1,0.9982018832297326,0.0
957,1,1.1404577071682693,0.0
958,1,0.7013509963869037,0.0
959,1,0.29807417346443404,0.0
960,1,1.1241654542087227,0.0
961,1,0.22355563009832555,0.0
962,0,0.7775848003420018,0.0
963,1,1.046894658021427,0.0
964,0,0.8361561229651656,0.0
965,0,1.1922966938577362,38.81618447425694
966,1,1.2692190612033967,0.0
967,1,1.4307560326292836,0.0
968,1,0.8942225203933022,0.0
969,1,0.5690506947957378,0.0
970,1,0.1811083585606688,0.0
971,0,0.9867282983650231,0.0
972,1,0.13006873023902576,0.0
973,1,1.0886187204788027,0.0
974,1,0.3251718255975644,0.0
975,1,1.0654566200430833,24.776287962291665
976,0,0.24668207459125577,0.0
977,0,1.6742889743534168,0.0
978,1,0.7948644625718241,0.0
979,0,0.8619012244754719,14.02994619551456
980,1,0.9448388894721683,21.971425174107704
981,0,0.21678121706504294,0.0
982,1,0.20735594675786717,0.0
983,1,1.0405498419122061,0.0
984,1,0.31794578502872967,0.0
985,1,1.29002593105919,0.0
986,1,0.45420826432675665,0.0
987,1,1.1833320570618133,0.0
988,1,1.0015292228404986,0.0
989,1,0.31103392013680076,0.0
990,1,0.24668207459125577,0.0
991,1,1.4307560326292836,0.0
992,0,1.3006873023902576,0.0
993,1,0.85845361957757,0.0
994,1,0.0941286863571897,0.0
995,1,0.12334103729562788,0.0
996,1,0.4018977619745178,0.0
997,1,1.0219685947352024,0.0
998,0,1.8136344075582467,0.0
999,0,0.9538373550861889,0.0
1000,0,1.3413337805899532,0.0
1001,0,0.3251718255975644,0.0
1002,1,0.20439371894704048,0.0
1003,0,1.3006873023902576,0.0
1004,1,0.8819728968262706,0.0
1005,1,0.9935805782147802,0.0
1006,0,1.4090779109227791,0.0
1007,1,1.1381013895914756,0.0
1008,1,0.5183898668946679,0.0
1009,1,1.3006873023902576,0.0
1010,1,0.5961483469288681,0.0
1011,0,1.0219685947352024,18.483897368693782
1012,1,1.0219685947352024,0.0
1013,0,1.0730670244719624,0.0
1014,1,1.542972192051188,0.0
1015,0,1.2624317934964266,0.0
1016,1,0.7153780163146418,0.0
1017,0,0.9538373550861889,0.0
1018,0,1.1005815635609872,0.0
1019,1,0.9084165286535133,0.0
1020,1,0.8942225203933022,0.0
1021,0,4.7241944473608415,0.0
1022,1,0.9836447724326325,0.0
1023,1,0.5183898668946679,0.0
1024,1,0.30659057842056076,0.0
1025,1,1.4307560326292836,0.0
1026,1,1.277460743419003,0.0
1027,0,0.9538373550861889,0.0
1028,1,0.14599551353360035,0.0
1029,0,5.961483469288681,0.0
1030,0,0.7364185462062488,0.0
1031,1,1.0839060853252147,0.0
1032,1,0.9905234072048886,0.0
1033,0,1.0219685947352024,0.0
1034,0,1.0866501513640128,0.0
1035,1,0.09799698853625229,0.0
1036,1,0.2751453908902468,0.0
1037,1,0.2805403985547615,0.0
1038,0,5.927417849464175,0.0
1039,0,0.9538373550861889,0.0
1040,1,1.3935935382752762,0.0
1041,0,0.23845933877154724,0.0
1042,0,1.1922966938577362,0.0
1043,0,1.1295442362862764,0.0
1044,1,1.046894658021427,0.0
1045,1,0.2510098302858392,0.0
1046,0,1.4307560326292836,77.63236894851389
1047,1,1.1005815635609872,0.0
1048,1,0.8416211956642844,0.0
1049,0,0.2015149341731385,0.0
1050,1,0.08831827361909157,0.0
1051,1,1.1922966938577362,0.0
1052,0,1.112810247600554,0.0
1053,0,1.0730670244719624,0.0
1054,0,1.5329528921028037,0.0
1055,1,0.2104052989160711,0.0
1056,1,0.8942225203933022,0.0
1057,1,0.8318349026914439,0.0
1058,0,0.6748849210515488,0.0
1059,1,0.1153835510184906,0.0
1060,1,0.96095554430325,0.0
1061,1,0.3518252539252336,0.0
1062,0,1.0099454347971413,0.0
1063,1,1.0520264945803555,0.0
1064,1,0.8209255924922119,0.0
1065,1,0.2919910270672007,0.0
1066,1,0.4615342040739624,0.0
1067,1,1.1446048261034267,0.0
1068,0,0.7639959397535009,0.0
1069,0,1.3567514102519067,0.0
1070,1,0.681312396490135,0.0
1071,1,0.9818913949416652,0.0
1072,1,0.8942225203933022,0.0
1073,1,1.0367797337893359,0.0
1074,1,0.7948644625718241,0.0
1075,0,0.8553432803762021,0.0
1076,1,0.1277460743419003,0.0
1077,0,0.8700543441664562,0.0
1078,1,1.1177781504916278,0.0
1079,0,1.4307560326292836,0.0
1080,0,0.26995396842061953,0.0
1081,0,0.9935805782147802,97.04046118564236
1082,1,1.1922966938577362,0.0
1083,1,0.5677603304084458,0.0
1084,1,1.0654566200430833,24.776287962291665
1085,1,0.39198795414500914,0.0
1086,1,1.0219685947352024,0.0
1087,0,1.3805540665721154,0.0
1088,1,1.9076747101723779,0.0
1089,0,1.1922966938577362,0.0
1090,0,1.0677283825591666,0.0
1091,1,1.178269673929998,0.0
1092,0,0.9150183929605883,0.0
1093,1,0.8361561229651656,0.0
1094,1,0.7275030674386187,0.0
1095,0,0.9799698853625228,0.0
1096,0,0.85845361957757,0.0
1097,1,0.806059736692554,0.0
1098,1,0.23845933877154724,0.0
1099,1,0.5234473290107134,0.0
1100,1,0.12125051123976978,0.0
1101,0,0.13497698421030976,0.0
1102,0,7.1537801631464175,0.0
1103,1,0.7804123814341546,0.0
1104,0,0.8700543441664562,0.0
1105,1,0.9230684081479248,37.564049491216394
1106,1,1.644547163941705,0.0
1107,0,1.4831007655303547,0.0
1108,1,1.0384519591664154,0.0
1109,1,2.2459542372668984,0.0
1110,1,0.45857565148374463,0.0
1111,1,0.26995396842061953,0.0
1112,1,0.8346076857004153,0.0
1113,0,4.552405558365902,0.0
1114,1,0.41271808633537027,0.0
1115,1,0.5109842973676012,0.0
1116,0,1.0492210905948078,0.0
1117,0,0.47691867754309447,0.0
1118,0,0.2554921486838006,0.0
1119,1,0.31103392013680076,0.0
1120,0,0.8804652508487899,0.0
1121,1,0.6220678402736015,0.0
1122,0,1.1679641082688028,0.0
1123,0,0.2307671020369812,0.0
1124,0,0.21678121706504294,0.0
1125,1,0.5723024130517134,0.0
1126,0,0.4335624341300859,0.0
1127,1,0.2823860590715691,0.0
1128,1,1.0219685947352024,0.0
1129,1,0.8619012244754719,0.0
1130,0,1.4307560326292836,0.0
1131,1,1.046894658021427,0.0
1132,1,1.244135680547203,0.0
1133,1,0.9382006771339564,0.0
1134,0,1.36262479298027,0.0
1135,1,0.8819728968262706,0.0
1136,1,1.2334103729562789,13.384891198019636
1137,1,0.11922966938577362,0.0
1138,0,0.1882573727143794,0.0
1139,1,0.4335624341300859,0.0
1140,1,1.006000335442465,0.0
1141,1,0.21678121706504294,0.0
1142,1,0.20439371894704048,0.0
1143,1,0.47691867754309447,0.0
1144,0,2.2831213286637504,24.776287962291665
1145,1,1.110069335660651,0.0
1146,1,0.21354567651183334,0.0
1147,0,1.1295442362862764,0.0
1148,1,0.8209255924922119,0.0
1149,1,0.3406561982450675,0.0
1150,1,0.13247741042863734,0.0
1151,1,0.1882573727143794,0.0
1152,1,0.8785344060004372,0.0
1153,0,0.3301744690682962,0.0
1154,1,0.19871611564295602,0.0
1155,1,0.8724122150178557,0.0
1156,0,1.0219685947352024,0.0
1157,0,1.0219685947352024,0.0
1158,1,0.5183898668946679,0.0
1159,1,1.236455830667282,0.0
1160,1,0.6312158967482133,0.0
1161,0,2.211168414063438,21.172464258685604
1162,0,0.13497698421030976,0.0
1163,1,0.3022724012597078,0.0
1164,0,1.1600724588886082,0.0
1165,1,0.15897289251436483,0.0
1166,0,0.5839820541344014,0.0
1167,0,1.9076747101723779,0.0
1168,1,1.216142627734891,0.0
1169,1,0.9331017604104023,0.0
1170,1,0.6706668902949766,0.0
1171,1,1.006000335442465,0.0
1172,1,0.9382006771339564,19.089926790618172
1173,1,1.3206978762731847,0.0
1174,0,6.4137339393726505,0.0
1175,1,1.1922966938577362,0.0
1176,1,0.8819728968262706,0.0
1177,0,0.8819728968262706,0.0
1178,0,0.8416211956642844,0.0
1179,1,1.0219685947352024,0.0
1180,0,0.7053022696059847,0.0
1181,1,1.3978650893504494,13.384891198019636
1182,1,0.31794578502872967,0.0
1183,0,0.8037955239490356,0.0
1184,1,0.8942225203933022,0.0
1185,1,0.7013509963869037,0.0
1186,1,0.9117562953029746,0.0
1187,1,1.112810247600554,0.0
1188,1,0.43620610750892785,0.0
1189,1,1.2490727268985806,0.0
1190,1,0.8254361726707405,0.0
1191,0,5.812446382556464,0.0
1192,0,0.6569798109012016,11.882505451303146
1193,1,0.9893525757542918,0.0
1194,1,0.2805403985547615,0.0
1195,1,0.9867282983650231,0.0
1196,0,0.1255049151429196,0.0
1197,0,0.328909432788341,0.0
1198,1,1.0689556565621083,0.0
1199,0,0.7948644625718241,0.0
1200,1,1.046894658021427,0.0
1201,1,0.4018977619745178,0.0
1202,1,0.37002311188688364,0.0
1203,1,0.13247741042863734,0.0
1204,1,1.055475761775701,0.0
1205,1,1.091254601157928,0.0
1206,0,0.8671248682601718,0.0
1207,1,1.0798158736824781,0.0
1208,0,1.0598192834290987,0.0
1209,0,1.1404577071682693,0.0
1210,1,0.19871611564295602,0.0
1211,1,1.2840118241544851,0.0
1212,0,0.9935805782147802,0.0
1213,0,1.467442084747983,14.929301720868056
1214,1,0.7153780163146418,0.0
1215,1,1.0769131428392456,0.0
1216,1,1.4433065241435754,0.0
1217,0,1.0219685947352024,0.0
1218,1,1.0015292228404986,0.0
1219,1,0.9867282983650231,0.0
1220,1,0.5299096417145494,0.0
1221,1,1.0219685947352024,0.0
1222,0,0.9230684081479248,0.0
1223,0,1.854683746000923,0.0
1224,0,1.7884450407866044,0.0
1225,0,1.1759638624350275,0.0
1226,1,0.19334540981476805,0.0
1227,0,0.6167051864781394,0.0
1228,1,0.30121179634300704,0.0
1229,0,1.5648894106882787,0.0
1230,1,0.19334540981476805,0.0
1231,1,0.5961483469288681,0.0
1232,1,0.5723024130517134,0.0
1233,1,0.4877577383963466,0.0
1234,0,0.9867282983650231,0.0
1235,1,1.0219685947352024,0.0
1236,0,0.8671248682601718,0.0
1237,1,0.2751453908902468,0.0
1238,1,0.8175748757881619,0.0
1239,0,0.8700543441664562,0.0
1240,1,0.13006873023902576,0.0
1241,1,1.3819802587896488,0.0
1242,1,0.9257833152307129,0.0
1243,1,3.388632708858829,0.0
1244,1,0.18343026059349787,0.0
1245,1,1.1922966938577362,0.0
1246,0,6.15768419106274,0.0
1247,1,0.36686052118699575,0.0
1248,1,0.26995396842061953,0.0
1249,1,0.2307671020369812,0.0
1250,0,0.8942225203933022,0.0
1251,0,0.6503436511951288,0.0
1252,0,0.2919910270672007,0.0
1253,1,1.0839060853252147,0.0
1254,1,1.367634442954462,0.0
1255,1,0.8516404956126686,0.0
1256,1,1.122161594219046,0.0
1257,1,0.9448388894721683,0.0
1258,1,1.969881494199738,0.0
1259,0,0.7275030674386187,0.0
1260,0,1.2624317934964266,0.0
1261,1,1.244135680547203,0.0
1262,1,1.1005815635609872,0.0
1263,0,0.9230684081479248,0.0
1264,0,1.0520264945803555,0.0
1265,1,0.7948644625718241,0.0
1266,0,0.17032809912253374,0.0
1267,1,0.13006873023902576,0.0
1268,1,0.3251718255975644,0.0
1269,0,1.4488668684853503,0.0
1270,0,0.9489708379684023,0.0
1271,0,0.5399079368412391,0.0
1272,1,0.2649548208572747,0.0
1273,1,1.081385373498877,0.0
1274,1,1.0088664332642383,0.0
1275,0,1.149714669077103,20.794384539780506
1276,1,0.4471112601966511,0.0
1277,0,0.9331017604104023,0.0
1278,0,1.0219685947352024,0.0
1279,1,1.0075746708656925,0.0
1280,1,1.0633997539812243,0.0
1281,1,1.1005815635609872,0.0
1282,0,0.9393852739485196,0.0
1283,0,0.9393852739485196,0.0
1284,1,1.0088664332642383,0.0
1285,0,1.2125051123976978,0.0
1286,0,0.929062358850184,0.0
1287,1,1.9637827898833304,0.0
1288,0,1.1341358795232126,0.0
1289,0,1.3958595440285693,0.0
1290,0,1.0633997539812243,0.0
1291,0,0.26995396842061953,0.0
1292,1,0.34615065305547177,0.0
1293,1,0.12334103729562788,0.0
1294,1,0.19334540981476805,0.0
1295,1,0.37259271683054257,0.0
1296,0,1.0654566200430833,0.0
1297,1,2.6230527264870194,12.938728158085649
1298,1,1.0219685947352024,0.0
1299,0,0.19871611564295602,0.0
1300,0,1.3534178687033762,0.0
1301,0,1.153835510184906,0.0
1302,1,1.0040393211433567,0.0
1303,1,1.3337556236374677,0.0
1304,0,0.8619012244754719,0.0
1305,1,0.3765147454287588,0.0
1306,0,1.0520264945803555,0.0
1307,1,0.9084165286535133,0.0
1308,0,0.9667270490738402,0.0
1309,1,0.5399079368412391,0.0
1310,1,0.31794578502872967,0.0
1311,0,1.600187668072225,0.0
1312,0,0.8149876135230095,0.0
1313,0,1.4500905736107603,0.0
1314,0,1.0654566200430833,0.0
1315,0,0.9538373550861889,0.0
1316,1,0.5260132472901777,0.0
1317,0,0.20439371894704048,0.0
1318,1,0.9905234072048886,0.0
1319,0,1.5467632785181444,31.472582006154283
1320,0,1.2812740590710001,0.0
1321,1,0.8318349026914439,0.0
1322,1,1.0654566200430833,0.0
1323,1,0.47691867754309447,0.0
1324,0,0.7530294908575176,0.0
1325,1,0.7013509963869037,0.0
1326,1,1.36262479298027,0.0
1327,0,2.4473458452869323,0.0
1328,1,0.5879819312175137,0.0
1329,0,0.806059736692554,0.0
1330,0,0.14903708673221702,0.0
1331,0,1.3285591731557633,0.0
1332,1,1.5220808857758334,0.0
1333,1,0.9448388894721683,0.0
1334,1,0.43620610750892785,0.0
1335,0,1.1922966938577362,0.0
1336,1,1.3457606247503162,0.0
1337,1,0.8671248682601718,0.0
1338,0,1.046894658021427,0.0
1339,1,0.36686052118699575,0.0
1340,1,0.8819728968262706,0.0
1341,1,1.3063424645745632,0.0
1342,1,1.1446048261034267,23.28971068455417
1343,1,0.9448388894721683,0.0
1344,1,1.0730670244719624,0.0
1345,1,0.941286863571897,0.0
1346,1,1.0598192834290987,0.0
1347,0,1.3006873023902576,0.0
1348,1,1.1446048261034267,0.0
1349,1,1.0075746708656925,0.0
1350,1,0.09538373550861891,0.0
1351,1,0.4615342040739624,0.0
1352,1,1.006000335442465,0.0
1353,1,0.561080797109523,0.0
1354,1,0.9331017604104023,0.0
1355,1,0.46655088020520114,0.0
1356,0,0.8346076857004153,0.0
1357,0,1.2381542590061108,0.0
1358,0,1.0405498419122061,0.0
1359,1,0.9029042924359556,0.0
1360,1,2.8181558218455582,0.0
1361,0,4.792338167544687,0.0
1362,1,0.7299775676680018,0.0
1363,1,1.1404577071682693,0.0
1364,0,0.22011631271219748,0.0
1365,1,0.3518252539252336,0.0
1366,1,0.9935805782147802,0.0
1367,1,0.5419530426626074,0.0
1368,0,0.6503436511951288,0.0
1369,0,0.9132485314655,0.0
1370,1,0.24668207459125577,0.0
1371,1,1.3218941605814032,0.0
1372,1,0.14903708673221702,0.0
1373,0,1.6015925738387502,0.0
1374,0,1.467442084747983,0.0
1375,1,0.40878743789408095,0.0
1376,1,0.15897289251436483,0.0
1377,0,0.24250102247953956,0.0
1378,1,0.45420826432675665,0.0
1379,1,0.6623870521431867,0.0
1380,0,4.870658834482667,0.0
1381,1,0.5020196605716784,0.0
1382,1,0.6338792549623408,0.0
1383,1,0.6603489381365923,0.0
1384,1,1.2624317934964266,0.0
1385,0,0.12125051123976978,0.0
1386,1,0.9171513029674893,0.0
1387,1,1.4141193345754546,0.0
1388,0,0.2751453908902468,0.0
1389,0,4.658275455072086,0.0
1390,1,2.0286839268624166,0.0
1391,1,0.7948644625718241,0.0
1392,0,1.0677283825591666,0.0
1393,1,1.2937687529094586,0.0
1394,1,1.0449341811337463,0.0
1395,1,1.27493111818451,0.0
1396,1,1.3006873023902576,0.0
1397,1,1.4150334388641264,0.0
1398,0,0.5502907817804936,0.0
1399,0,1.1404577071682693,0.0
1400,1,1.2624317934964266,0.0
1401,0,1.077966873898775,0.0
1402,0,0.12334103729562788,0.0
1403,0,1.2490727268985806,0.0
1404,1,0.9331017604104023,0.0
1405,0,1.1446048261034267,0.0
1406,1,4.894691690573865,12.257742465554825
1407,0,0.8942225203933022,0.0
1408,1,0.681312396490135,0.0
1409,1,0.2510098302858392,0.0
1410,0,0.3406561982450675,0.0
1411,1,0.26995396842061953,0.0
1412,0,0.3406561982450675,0.0
1413,1,0.9230684081479248,0.0
1414,0,1.226362313682243,0.0
1415,0,1.2147928578927878,0.0
1416,1,1.1295442362862764,0.0
1417,0,1.1922966938577362,0.0
1418,1,0.3765147454287588,0.0
1419,1,1.1679641082688028,0.0
1420,0,1.0219685947352024,0.0
1421,1,0.49336414918251154,0.0
1422,1,1.0598192834290987,0.0
1423,0,1.1177781504916278,0.0
1424,1,0.43798654060080106,0.0
1425,1,0.9331017604104023,0.0
1426,1,1.4615249795675478,0.0
1427,1,0.6131811568411215,0.0
1428,0,0.9836447724326325,0.0
1429,0,0.09935805782147801,0.0
1430,0,1.1295442362862764,0.0
1431,1,0.5202749209561031,0.0
1432,1,0.94682384512232,0.0
1433,1,0.8942225203933022,0.0
1434,1,1.1295442362862764,0.0
1435,0,1.2236729226434662,0.0
1436,0,1.7884450407866044,0.0
1437,0,1.292851836713208,0.0
1438,0,1.4307560326292836,0.0
1439,1,0.5338641912795833,0.0
1440,1,0.9818913949416652,0.0
1441,1,0.11922966938577362,0.0
1442,1,2.440701467426425,27.399659628887257
1443,1,0.9960959720836783,0.0
1444,1,0.29807417346443404,0.0
1445,1,1.2916547516792143,0.0
1446,1,0.0,0.0
1447,0,1.0598192834290987,0.0
1448,0,0.7948644625718241,0.0
1449,1,0.2950012438410894,0.0
1450,0,0.13247741042863734,0.0
1451,1,0.5299096417145494,0.0
1452,1,0.08831827361909157,0.0
1453,0,1.854683746000923,14.376364620095163
1454,0,0.6220678402736015,0.0
1455,1,0.2649548208572747,0.0
1456,1,1.1600724588886082,31.472582006154283
1457,1,1.0730670244719624,0.0
1458,1,0.47691867754309447,0.0
1459,1,0.2861512065258567,0.0
1460,0,0.24250102247953956,0.0
1461,1,0.10367797337893359,0.0
1462,0,0.47691867754309447,0.0
1463,1,0.5800362294443041,0.0
1464,1,0.10677283825591667,0.0
1465,0,0.49336414918251154,0.0
1466,1,0.8541827060473334,0.0
1467,1,0.30441617715516667,0.0
1468,0,1.4903708673221703,0.0
1469,1,0.9960959720836783,0.0
1470,1,1.0677283825591666,0.0
1471,0,0.7299775676680018,0.0
1472,0,1.1745012208150833,0.0
1473,1,1.277460743419003,0.0
1474,0,0.32151820957961424,0.0
1475,1,0.2554921486838006,0.0
1476,1,0.3022724012597078,0.0
1477,0,0.9480913469230192,0.0
1478,1,1.2739608509712796,0.0
1479,0,1.1706185721512319,0.0
1480,1,0.6131811568411215,0.0
1481,1,0.7824447053441393,0.0
1482,1,1.4500905736107603,0.0
1483,0,1.1404577071682693,0.0
1484,1,0.0,0.0
1485,0,0.4615342040739624,0.0
1486,1,0.272524958596054,0.0
1487,0,0.7432498870801473,0.0
1488,0,0.7275030674386187,0.0
1489,1,0.5677603304084458,0.0
1490,1,1.4307560326292836,21.172464258685604
1491,0,1.29002593105919,0.0
1492,1,0.7664764460514019,0.0
1493,1,1.0730670244719624,0.0
1494,0,0.3576890081573209,0.0
1495,1,1.384602612221887,0.0
1496,1,0.37002311188688364,0.0
1497,1,0.9331017604104023,0.0
1498,1,5.527921035158595,0.0
1499,1,0.16636698053828877,0.0
1500,0,0.8942225203933022,0.0
1501,0,1.8919088034767384,9.62384739031164
1502,1,0.43798654060080106,0.0
1503,0,0.9867282983650231,0.0
1504,1,1.3819802587896488,0.0
1505,0,1.0730670244719624,0.0
1506,1,0.6088323543103333,0.0
1507,1,0.24668207459125577,0.0
1508,1,1.1446048261034267,0.0
1509,1,0.3765147454287588,0.0
1510,1,1.0677283825591666,0.0
1511,1,1.1645688637680216,54.1621178710562
1512,1,1.1404577071682693,0.0
1513,1,0.11727508464174455,0.0
1514,1,1.0654566200430833,24.776287962291665
1515,0,1.3139596218024032,0.0
1516,1,1.499986163240378,0.0
1517,1,0.8541827060473334,0.0
1518,0,0.2861512065258567,0.0
1519,1,0.3765147454287588,0.0
1520,1,1.3139596218024032,0.0
1521,1,0.4335624341300859,0.0
1522,1,0.7875721280528166,0.0
1523,1,0.31560794837410666,0.0
1524,1,0.94682384512232,17.124787268054533
1525,1,1.3115263632435097,0.0
1526,1,0.2307671020369812,0.0
1527,0,0.31560794837410666,0.0
1528,0,1.4550061348772374,0.0
1529,1,0.9836447724326325,0.0
1530,1,1.650872345341481,0.0
1531,0,4.974112769687744,0.0
1532,1,0.7948644625718241,0.0
1533,1,0.11922966938577362,0.0
1534,0,0.9645546287388428,0.0
1535,1,0.26013746047805153,0.0
1536,0,1.3247741042863734,0.0
1537,0,0.6603489381365923,0.0
1538,1,1.1624892765112929,0.0
1539,1,0.0,0.0
1540,0,1.0219685947352024,0.0
1541,1,2.113616866384169,0.0
1542,0,1.0730670244719624,0.0
1543,1,1.0015292228404986,11.644855342277085
1544,0,0.9905234072048886,0.0
1545,0,0.8942225203933022,0.0
1546,1,0.45420826432675665,0.0
1547,0,1.0839060853252147,0.0
1548,0,0.9068172037791233,0.0
1549,0,0.9489708379684023,0.0
1550,1,1.1083321379522617,0.0
1551,1,3.471687432115173,17.124787268054533
1552,1,1.1295442362862764,0.0
1553,0,1.1005815635609872,0.0
1554,1,1.1922966938577362,0.0
1555,0,5.000700696568369,0.0
1556,1,2.6356032180013114,0.0
1557,1,0.7733816392590722,0.0
1558,1,1.5467632785181444,0.0
1559,1,1.1355206608168915,0.0
1560,0,1.2795379153595219,0.0
1561,0,1.4307560326292836,58.22427671138542
1562,1,0.85845361957757,0.0
1563,1,0.8724122150178557,0.0
1564,1,1.1446048261034267,0.0
1565,0,0.9905234072048886,0.0
1566,1,1.0367797337893359,33.75320389065821
1567,1,1.0492210905948078,0.0
1568,1,1.226362313682243,0.0
1569,1,0.31103392013680076,0.0
1570,0,1.1071326442964693,0.0
1571,0,0.9132485314655,0.0
1572,1,0.31560794837410666,0.0
1573,1,0.5502907817804936,0.0
1574,1,1.5022938342607475,0.0
1575,1,1.0099454347971413,0.0
1576,1,0.22710413216337832,0.0
1577,0,1.0432596071255194,0.0
1578,1,0.12334103729562788,0.0
1579,0,0.6503436511951288,0.0
1580,1,0.14903708673221702,0.0
1581,1,0.3518252539252336,0.0
1582,1,0.9700040899181582,0.0
1583,1,1.0219685947352024,0.0
1584,1,0.14307560326292834,0.0
1585,1,1.1922966938577362,0.0
1586,1,0.8773503973670135,0.0
1587,1,0.6088323543103333,0.0
1588,0,1.5174685194553006,0.0
1589,0,0.13006873023902576,0.0
1590,1,0.49336414918251154,0.0
1591,0,1.1759638624350275,0.0
1592,0,1.1005815635609872,0.0
1593,1,1.5408141889853824,0.0
1594,0,5.822844318840107,0.0
1595,1,1.2193943459908665,0.0
1596,1,0.7013509963869037,0.0
1597,1,1.1295442362862764,0.0
1598,1,1.091254601157928,0.0
1599,1,1.1481375570481904,0.0
1600,0,1.0520264945803555,0.0
1601,1,1.3880468973269169,34.760762215752486
1602,1,0.6167051864781394,0.0
1603,0,1.0432596071255194,0.0
1604,1,1.2624317934964266,0.0
1605,1,0.20735594675786717,0.0
1606,1,0.8759730812016021,0.0
1607,1,0.4471112601966511,0.0
1608,1,0.806059736692554,0.0
1609,1,1.3478136539261367,0.0
1610,1,0.4850020449590791,0.0
1611,0,0.2919910270672007,0.0
1612,0,1.0219685947352024,0.0
1613,0,1.7884450407866044,0.0
1614,1,0.9700040899181582,0.0
1615,1,0.7804123814341546,0.0
1616,1,1.2692190612033967,0.0
1617,1,1.0730670244719624,0.0
1618,0,0.804800268353972,0.0
1619,1,0.4208105978321422,0.0
1620,0,1.5897289251436482,0.0
1621,0,0.3518252539252336,0.0
1622,1,0.576917755092453,0.0
1623,1,0.9197717352616821,0.0
1624,1,0.9960959720836783,0.0
1625,1,0.15220808857758333,0.0
1626,1,0.5626568667643249,0.0
1627,0,1.255049151429196,0.0
1628,1,0.8541827060473334,0.0
1629,0,1.5648894106882787,0.0
1630,1,0.464531179425092,0.0
1631,0,1.0040393211433567,0.0
1632,0,0.38323822302570093,0.0
1633,0,1.091254601157928,0.0
1634,1,0.5879819312175137,0.0
1635,1,1.1922966938577362,0.0
1636,1,0.9667270490738402,0.0
1637,1,0.36686052118699575,0.0
1638,0,1.5467632785181444,0.0
1639,0,1.210639719917086,0.0
1640,1,0.16075910478980712,0.0
1641,0,1.1727508464174454,0.0
1642,0,0.8541827060473334,0.0
1643,1,0.3251718255975644,0.0
1644,0,1.0866501513640128,0.0
1645,0,0.8516404956126686,0.0
1646,1,0.9893525757542918,0.0
1647,1,0.7299775676680018,0.0
1648,1,0.9867282983650231,0.0
1649,0,1.1148748306202207,0.0
1650,0,0.4208105978321422,0.0
1651,1,0.18343026059349787,0.0
1652,0,0.8471581772147072,0.0
1653,0,1.2624317934964266,0.0
1654,1,2.4449628405690285,0.0
1655,1,1.0384519591664154,0.0
1656,1,0.19334540981476805,0.0
1657,1,0.9755154767926932,0.0
1658,1,0.20439371894704048,0.0
1659,1,0.5502907817804936,0.0
1660,1,1.5780397418705332,17.124787268054533
1661,1,1.1253137335286498,0.0
1662,1,1.0384519591664154,0.0
1663,0,1.210639719917086,0.0
1664,1,0.9700040899181582,19.737042953012008
1665,0,1.3139596218024032,0.0
1666,1,1.2692190612033967,0.0
1667,0,1.332566893135117,0.0
1668,1,0.8942225203933022,0.0
1669,0,0.9084165286535133,0.0
1670,1,0.13247741042863734,0.0
1671,1,0.6358915700574593,0.0
1672,0,0.7948644625718241,0.0
1673,0,1.110069335660651,0.0
1674,1,0.8759730812016021,0.0
1675,1,0.45420826432675665,0.0
1676,0,1.2056932859235534,0.0
1677,0,0.9331017604104023,0.0
1678,0,1.5467632785181444,0.0
1679,0,0.7630698840689513,0.0
1680,1,0.10839060853252147,0.0
1681,0,1.277460743419003,0.0
1682,0,0.5502907817804936,0.0
1683,1,1.1645688637680216,0.0
1684,1,1.0075746708656925,0.0
1685,1,1.1446048261034267,0.0
1686,1,3.605054570404494,0.0
1687,1,1.226362313682243,0.0
1688,1,1.4514916273050702,0.0
1689,0,1.0354155499290867,0.0
1690,1,0.9538373550861889,0.0
1691,1,0.11177781504916277,0.0
1692,1,0.45420826432675665,0.0
1693,1,0.14903708673221702,0.0
1694,0,1.1204715918181136,0.0
1695,0,1.4903708673221703,0.0
1696,1,0.6923013061109435,0.0
1697,0,0.5961483469288681,0.0
1698,1,0.5109842973676012,0.0
1699,1,1.3353722971206645,0.0
1700,1,0.8416211956642844,0.0
1701,0,0.8942225203933022,0.0
1702,1,0.9935805782147802,0.0
1703,1,1.1446048261034267,0.0
1704,1,1.2028479920334685,0.0
1705,1,1.9260177362317277,0.0
1706,1,0.16832423913285688,0.0
1707,1,0.4471112601966511,0.0
1708,0,0.9818913949416652,0.0
1709,1,1.0219685947352024,0.0
1710,1,0.36375153371930935,0.0
1711,0,0.7948644625718241,0.0
1712,1,0.13247741042863734,0.0
1713,1,1.1260579886434177,0.0
1714,0,0.6603489381365923,0.0
1715,1,0.3765147454287588,0.0
1716,1,4.808278470311526,0.0
1717,1,0.7400462237737673,0.0
1718,0,7.1537801631464175,0.0
1719,1,0.44023262542439495,0.0
1720,1,1.2624317934964266,0.0
1721,1,1.006000335442465,0.0
1722,1,1.046894658021427,0.0
1723,0,1.0342814693705662,0.0
1724,1,0.8831827361909157,0.0
1725,1,1.1922966938577362,0.0
1726,0,1.882573727143794,0.0
1727,0,0.7948644625718241,0.0
1728,0,1.854683746000923,0.0
1729,0,0.12125051123976978,0.0
1730,1,0.3022724012597078,0.0
1731,0,0.9755154767926932,0.0
1732,1,1.3757269544512343,0.0
1733,0,1.2334103729562789,0.0
1734,1,0.8759730812016021,0.0
1735,1,1.2399885616120456,0.0
1736,1,0.24668207459125577,0.0
1737,1,0.4850020449590791,0.0
1738,1,2.1938259166982346,0.0
1739,0,6.238761770185829,0.0
1740,1,0.29807417346443404,0.0
1741,1,0.9960959720836783,0.0
1742,0,2.043937189470405,0.0
1743,1,0.3765147454287588,0.0
1744,1,0.18343026059349787,0.0
1745,0,1.122161594219046,0.0
1746,1,0.9867282983650231,0.0
1747,1,0.8700543441664562,0.0
1748,0,1.8320656515374971,0.0
1749,0,0.8254361726707405,0.0
1750,1,0.11005815635609874,0.0
1751,1,0.11922966938577362,0.0
1752,0,1.8395434705233642,0.0
1753,0,1.3958595440285693,0.0
1754,0,0.5299096417145494,0.0
1755,1,0.9368045451739356,0.0
1756,1,1.1922966938577362,0.0
1757,1,0.37002311188688364,0.0
1758,1,1.2295559655407904,0.0
1759,1,0.13247741042863734,0.0
1760,1,0.38052022144395836,0.0
1761,1,1.1759638624350275,0.0
1762,1,1.7128769404716773,0.0
1763,1,0.7664764460514019,0.0
1764,0,0.9645546287388428,0.0
1765,0,0.8222735819708525,0.0
1766,1,1.0219685947352024,0.0
1767,1,0.26995396842061953,0.0
1768,0,0.36375153371930935,0.0
1769,1,0.9230684081479248,0.0
1770,0,4.628916576153564,0.0
1771,0,1.9260177362317277,0.0
1772,0,1.1645688637680216,0.0
1773,1,0.3301744690682962,0.0
1774,0,2.2653637183296986,0.0
1775,1,1.1481375570481904,0.0
1776,0,1.077966873898775,0.0
1777,0,1.3247741042863734,0.0
1778,1,1.1922966938577362,0.0
1779,0,1.1341358795232126,0.0
1780,0,0.5234473290107134,0.0
1781,1,1.3353722971206645,0.0
1782,1,0.33273396107657754,0.0
1783,1,0.9273418730004614,0.0
1784,1,0.23583890647735442,0.0
1785,0,2.0030584456809972,0.0
1786,0,0.85845361957757,0.0
1787,0,1.2677585099246815,0.0
1788,1,1.660698966444704,0.0
1789,1,0.21899327030040053,0.0
1790,0,0.8346076857004153,0.0
1791,0,0.9836447724326325,0.0
1792,0,1.499986163240378,0.0
1793,0,0.681312396490135,0.0
1794,1,2.3845933877154724,0.0
1795,1,1.0798158736824781,0.0
1796,1,1.1177781504916278,0.0
1797,1,1.2077810665052393,0.0
1798,0,0.5202749209561031,0.0
1799,0,0.8416211956642844,0.0
1800,1,1.0219685947352024,0.0
1801,0,1.0219685947352024,0.0
1802,1,0.6998263203078017,0.0
1803,1,1.7884450407866044,0.0
1804,1,0.627524575714598,0.0
1805,1,0.14903708673221702,0.0
1806,1,0.7244334342426751,0.0
1807,0,0.22011631271219748,0.0
1808,1,0.429226809788785,0.0
1809,1,1.0108602404446023,0.0
1810,1,0.6503436511951288,0.0
1811,1,0.2751453908902468,0.0
1812,1,1.3413337805899532,0.0
1813,1,2.162770746997754,0.0
1814,1,0.7948644625718241,0.0
1815,1,2.3271333060837742,0.0
1816,1,0.2345501692834891,0.0
1817,1,0.14027019927738074,0.0
1818,1,1.0219685947352024,0.0
1819,0,1.36262479298027,0.0
1820,1,0.41271808633537027,0.0
1821,1,0.09171513029674894,0.0
1822,1,0.8671248682601718,0.0
1823,1,0.7432498870801473,0.0
1824,0,1.7401086883329124,0.0
1825,1,0.6312158967482133,0.0
1826,1,1.0542412872005245,0.0
1827,1,1.213587706248053,0.0
1828,1,1.0730670244719624,0.0
1829,1,0.41271808633537027,0.0
1830,1,0.15220808857758333,0.0
1831,0,1.0367797337893359,0.0
1832,0,0.7948644625718241,0.0
1833,1,0.6503436511951288,0.0
1834,1,0.7948644625718241,0.0
1835,1,0.1375726954451234,0.0
1836,1,1.1295442362862764,0.0
1837,0,0.9104811116731802,0.0
1838,0,1.0088664332642383,0.0
1839,1,3.018001006327395,0.0
1840,1,0.85845361957757,0.0
1841,1,0.8942225203933022,0.0
1842,1,1.3309358443063102,0.0
1843,0,0.681312396490135,0.0
1844,0,0.9538373550861889,0.0
1845,1,1.0384519591664154,0.0
1846,0,1.2125051123976978,0.0
1847,0,0.941286863571897,0.0
1848,0,0.6503436511951288,0.0
1849,1,0.3576890081573209,0.0
1850,0,1.244135680547203,0.0
1851,1,0.31794578502872967,0.0
1852,1,0.5961483469288681,0.0
1853,0,0.8633872610693952,0.0
1854,1,1.1922966938577362,0.0
1855,0,1.0633997539812243,0.0
1856,0,1.0520264945803555,0.0
1857,1,0.1625859127987822,0.0
1858,1,0.8724122150178557,0.0
1859,1,0.7337210423739915,0.0
1860,1,1.0219685947352024,0.0
1861,1,1.2147928578927878,0.0
1862,0,0.8487535786783885,0.0
1863,1,0.96095554430325,0.0
1864,0,1.4307560326292836,0.0
1865,1,0.2554921486838006,0.0
1866,1,1.0886187204788027,0.0
1867,1,0.9905234072048886,0.0
1868,1,1.244135680547203,0.0
1869,1,0.7733816392590722,0.0
1870,1,1.457251514715011,0.0
1871,0,0.29807417346443404,0.0
1872,1,0.3866908196295361,0.0
1873,0,1.1759638624350275,15.951856633256279
1874,0,1.384602612221887,0.0
1875,1,0.18581247177003682,0.0
1876,1,1.3337556236374677,0.0
1877,1,0.10677283825591667,0.0
1878,1,1.055475761775701,0.0
1879,1,1.315637731153364,0.0
1880,1,2.0650087068876255,0.0
1881,1,0.3251718255975644,0.0
1882,0,1.6636698053828878,0.0
1883,1,1.4864997741602946,0.0
1884,1,1.9193068730392828,0.0
1885,1,1.0040393211433567,0.0
1886,0,1.0219685947352024,16.635507631824403
1887,1,1.8736090903478713,13.862923026520336
1888,0,1.5329528921028037,0.0
1889,1,2.6013746047805153,0.0
1890,1,1.0219685947352024,0.0
1891,0,0.7630698840689513,0.0
1892,1,0.9935805782147802,0.0
1893,1,1.2176647086206667,0.0
1894,0,1.1177781504916278,0.0
1895,1,0.22125093288081704,0.0
1896,1,0.9171513029674893,0.0
1897,0,1.1922966938577362,0.0
1898,1,0.37002311188688364,0.0
1899,1,0.7948644625718241,0.0
1900,1,0.1644547163941705,0.0
1901,0,1.1381013895914756,0.0
1902,1,1.25066086768294,0.0
1903,0,0.9935805782147802,0.0
1904,0,4.4098644841313535,0.0
1905,1,1.0333238013433712,12.938728158085649
1906,0,0.17884450407866045,0.0
1907,1,0.7890198709352666,0.0
1908,0,1.3006873023902576,0.0
1909,0,1.6742889743534168,0.0
1910,0,0.9905234072048886,0.0
1911,1,1.7683501526878784,0.0
1912,1,1.5201782846686136,0.0
1913,1,0.8942225203933022,0.0
1914,0,0.6220678402736015,0.0
1915,0,1.0075746708656925,0.0
1916,0,0.9230684081479248,0.0
1917,1,0.24668207459125577,0.0
1918,0,1.0219685947352024,0.0
1919,1,0.5502907817804936,0.0
1920,0,0.6088323543103333,0.0
1921,0,0.38323822302570093,0.0
1922,1,0.429226809788785,0.0
1923,0,0.24668207459125577,0.0
1924,0,0.29807417346443404,0.0
1925,1,0.9331017604104023,0.0
1926,1,0.24668207459125577,0.0
1927,0,0.37002311188688364,0.0
1928,1,1.091254601157928,0.0
1929,1,0.14307560326292834,0.0
1930,0,0.5109842973676012,0.0
1931,0,1.5329528921028037,0.0
1932,1,1.384602612221887,0.0
1933,0,1.36262479298027,0.0
1934,0,0.9715010098100072,0.0
1935,0,1.1295442362862764,0.0
1936,1,0.8516404956126686,0.0
1937,1,1.153835510184906,0.0
1938,1,1.286072838318457,0.0
1939,1,0.44023262542439495,0.0
1940,1,1.1922966938577362,0.0
1941,0,0.8633872610693952,0.0
1942,0,6.024235926860141,0.0
1943,0,0.8671248682601718,0.0
1944,1,0.9382006771339564,0.0
1945,1,0.7775848003420018,0.0
1946,0,1.2077810665052393,0.0
1947,0,0.7530294908575176,0.0
1948,1,0.26995396842061953,21.971425174107704
1949,1,0.6623870521431867,0.0
1950,1,1.2381542590061108,0.0
1951,1,0.9596534365196414,0.0
1952,0,0.9197717352616821,0.0
1953,1,0.4208105978321422,0.0
1954,1,1.1663772005130029,0.0
1955,1,0.6062525561988489,0.0
1956,1,0.9782947231653221,0.0
1957,1,0.7824447053441393,0.0
1958,0,1.0730670244719624,0.0
1959,1,0.49336414918251154,0.0
1960,1,0.3144518753031392,0.0
1961,1,0.10677283825591667,0.0
1962,1,1.110069335660651,0.0
1963,0,1.277460743419003,0.0
1964,1,0.15897289251436483,0.0
1965,0,1.0219685947352024,0.0
1966,1,0.1255049151429196,0.0
1967,1,2.2355563009832555,0.0
1968,1,0.5800362294443041,0.0
1969,1,0.9755154767926932,0.0
1970,1,1.2077810665052393,0.0
1971,0,6.223788741937383,0.0
1972,1,0.7948644625718241,0.0
1973,0,0.9104811116731802,0.0
1974,1,0.7948644625718241,0.0
1975,1,0.7664764460514019,0.0
1976,1,1.1005815635609872,0.0
1977,0,1.1922966938577362,0.0
1978,0,0.5443093602394014,12.65745145899683
1979,1,0.31794578502872967,0.0
1980,0,1.5897289251436482,0.0
1981,1,1.226362313682243,0.0
1982,1,0.7610404428879167,0.0
1983,1,1.3497698421030977,0.0
1984,0,1.0219685947352024,0.0
1985,1,5.7230241305171345,0.0
1986,1,1.1341358795232126,0.0
1987,0,0.2104052989160711,0.0
1988,0,0.9171513029674893,0.0
1989,1,1.2077810665052393,0.0
1990,1,0.8076848571294342,0.0
1991,0,0.0861901224475472,0.0
1992,1,0.4208105978321422,0.0
1993,0,6.045448025194156,0.0
1994,0,1.3006873023902576,0.0
1995,1,1.36262479298027,0.0
1996,1,0.7530294908575176,0.0
1997,0,1.0520264945803555,0.0
1998,0,0.3576890081573209,0.0
1999,0,0.9360086194771012,0.0
2000,0,0.7153780163146418,0.0
2001,0,0.403029868346277,0.0
2002,1,0.36375153371930935,0.0
2003,1,1.3006873023902576,0.0
2004,0,0.5202749209561031,0.0
2005,1,1.1922966938577362,32.34682039521412
2006,1,0.929062358850184,0.0
2007,1,0.2510098302858392,0.0
2008,1,0.9084165286535133,0.0
2009,1,0.11922966938577362,0.0
2010,1,2.031320293239106,14.376364620095163
2011,0,0.44023262542439495,0.0
2012,1,0.9538373550861889,0.0
2013,0,1.3567514102519067,0.0
2014,1,0.5419530426626074,0.0
2015,1,1.2624317934964266,0.0
2016,1,0.8868322516297211,0.0
2017,1,1.4800924475475346,0.0
2018,0,1.46327321518904,26.46558032335701
2019,1,0.28425616542303644,0.0
2020,0,0.9700040899181582,0.0
2021,1,0.49336414918251154,0.0
2022,0,0.812929563993911,0.0
2023,1,0.8175748757881619,0.0
2024,0,1.0730670244719624,0.0
2025,1,1.0730670244719624,0.0
2026,1,1.7205294063263536,0.0
2027,1,0.561080797109523,0.0
2028,0,5.343787591747926,0.0
2029,1,1.0075746708656925,0.0
2030,0,1.3006873023902576,0.0
2031,1,0.9538373550861889,0.0
2032,0,1.5060589817150352,0.0
2033,0,1.367634442954462,0.0
2034,1,1.2692190612033967,0.0
2035,0,1.8300367859211766,0.0
2036,1,1.1922966938577362,0.0
2037,0,1.3006873023902576,0.0
2038,1,1.8778672928259346,0.0
2039,0,0.8942225203933022,0.0
2040,1,1.1177781504916278,0.0
2041,0,0.3251718255975644,0.0
2042,1,1.5014106515245567,0.0
2043,0,0.44023262542439495,0.0
2044,1,0.45420826432675665,0.0
2045,0,0.929062358850184,0.0
2046,0,0.9893525757542918,0.0
2047,1,0.12125051123976978,0.0
2048,1,0.22355563009832555,0.0
2049,0,0.0,0.0
2050,0,1.0598192834290987,0.0
2051,1,0.7530294908575176,0.0
2052,1,1.0654566200430833,0.0
2053,1,1.1071326442964693,0.0
2054,1,0.1277460743419003,0.0
2055,1,1.2717831401149187,0.0
2056,1,1.713926497420496,0.0
2057,1,1.0367797337893359,16.876601945329107
2058,0,0.41113679098542627,0.0
2059,1,1.0015292228404986,0.0
2060,1,0.13497698421030976,0.0
2061,1,1.29002593105919,0.0
2062,1,0.8516404956126686,0.0
2063,1,2.146134048943925,0.0
2064,0,0.9448388894721683,0.0
2065,0,1.2812740590710001,0.0
2066,1,0.7948644625718241,0.0
2067,1,1.0088664332642383,0.0
2068,1,0.8700543441664562,0.0
2069,1,1.4119302953578454,0.0
2070,0,0.22011631271219748,0.0
2071,0,2.0612586910760866,0.0
2072,0,1.476176859061959,0.0
2073,1,0.6312158967482133,0.0
2074,0,0.2554921486838006,0.0
2075,1,0.6503436511951288,0.0
2076,1,0.0905541792803344,0.0
2077,0,0.8294237870314687,0.0
2078,1,1.1679641082688028,0.0
2079,1,1.1446048261034267,0.0
2080,1,0.1811083585606688,0.0
2081,1,0.37002311188688364,0.0
2082,1,1.858124717700368,0.0
2083,1,0.37162494354007364,0.0
2084,1,1.650872345341481,0.0
2085,1,0.4208105978321422,0.0
2086,0,0.9448388894721683,0.0
2087,1,2.9637089247320874,0.0
2088,1,0.8487535786783885,0.0
2089,1,0.7275030674386187,0.0
2090,1,0.627524575714598,0.0
2091,1,1.4728370924124976,0.0
2092,0,0.806059736692554,0.0
2093,1,0.34615065305547177,0.0
2094,0,0.8076848571294342,0.0
2095,1,1.1083321379522617,0.0
2096,1,0.43798654060080106,0.0
2097,1,0.1153835510184906,0.0
2098,0,6.153789387652832,0.0
2099,0,0.6923013061109435,0.0
2100,1,1.2125051123976978,0.0
2101,0,1.5551696006840037,0.0
2102,0,1.5329528921028037,0.0
2103,1,0.8294237870314687,0.0
2104,0,0.11005815635609874,0.0
2105,0,2.227120239470111,0.0
2106,0,1.077966873898775,0.0
2107,1,0.2805403985547615,0.0
2108,1,1.0520264945803555,0.0
2109,1,0.32031851476775003,0.0
2110,1,1.006000335442465,0.0
2111,0,0.21678121706504294,0.0
2112,0,0.49336414918251154,0.0
2113,1,0.24668207459125577,0.0
2114,1,1.5487565301657193,24.010011015004295
2115,1,0.2104052989160711,0.0
2116,1,1.0520264945803555,0.0
2117,0,0.2510098302858392,0.0
2118,1,0.26013746047805153,0.0
2119,1,0.3576890081573209,0.0
2120,1,0.5677603304084458,0.0
2121,1,0.49336414918251154,0.0
2122,0,1.2916547516792143,0.0
2123,1,1.1404577071682693,0.0
2124,1,0.5109842973676012,0.0
2125,0,0.7153780163146418,0.0
2126,1,1.0040393211433567,0.0
2127,1,0.29080407167261857,0.0
2128,0,0.33273396107657754,0.0
2129,1,1.1005815635609872,0.0
2130,1,0.5338641912795833,0.0
2131,1,1.2624317934964266,0.0
2132,0,0.23327544010260057,0.0
2133,1,0.905541792803344,0.0
2134,1,0.22710413216337832,0.0
2135,1,0.26013746047805153,0.0
2136,1,0.3576890081573209,0.0
2137,1,1.0219685947352024,0.0
2138,1,1.0219685947352024,0.0
2139,1,0.8942225203933022,0.0
2140,1,0.1625859127987822,0.0
2141,1,1.2236729226434662,0.0
2142,1,0.31103392013680076,0.0
2143,0,2.1678121706504294,0.0
2144,1,1.3139596218024032,0.0
2145,0,0.14027019927738074,0.0
2146,0,0.36375153371930935,0.0
2147,1,0.8098619052618585,0.0
2148,1,1.179194532386772,0.0
2149,0,1.5329528921028037,0.0
2150,1,0.47691867754309447,0.0
2151,1,0.8942225203933022,0.0
2152,1,0.0905541792803344,0.0
2153,1,0.3406561982450675,0.0
2154,0,1.1005815635609872,0.0
2155,0,0.24668207459125577,0.0
2156,1,0.7664764460514019,0.0
2157,1,1.2066617142656606,0.0
2158,1,0.3251718255975644,0.0
2159,1,0.3301744690682962,0.0
2160,0,0.5574374153101104,0.0
2161,0,5.246105452974039,12.938728158085649
2162,0,1.0568084331920844,0.0
2163,1,0.8037955239490356,0.0
2164,1,1.0520264945803555,0.0
2165,1,0.0,0.0
2166,0,1.1922966938577362,0.0
2167,0,0.4208105978321422,0.0
2168,0,7.1537801631464175,0.0
2169,1,0.5419530426626074,0.0
2170,1,3.1794578502872963,18.483897368693782
2171,0,1.0839060853252147,0.0
2172,1,0.6167051864781394,0.0
2173,0,0.9960959720836783,14.740323218072257
2174,1,0.7337210423739915,0.0
2175,0,0.7153780163146418,0.0
2176,1,0.9935805782147802,0.0
2177,0,0.6358915700574593,0.0
2178,1,0.5260132472901777,0.0
2179,0,0.4877577383963466,0.0
2180,0,0.403029868346277,0.0
2181,1,1.2176647086206667,0.0
2182,0,0.5109842973676012,0.0
2183,0,0.9755154767926932,0.0
2184,1,1.112810247600554,0.0
2185,0,1.4847468263134074,0.0
2186,1,0.7400462237737673,0.0
2187,0,1.1922966938577362,0.0
2188,0,1.5897289251436482,0.0
2189,1,0.5502907817804936,0.0
2190,1,0.1882573727143794,0.0
2191,1,1.1381013895914756,0.0
2192,0,0.24250102247953956,0.0
2193,0,4.969994639659617,0.0
2194,1,0.5202749209561031,0.0
2195,1,1.244135680547203,0.0
2196,1,0.39743223128591204,0.0
2197,1,0.6131811568411215,0.0
2198,1,0.2015149341731385,0.0
2199,1,1.0677283825591666,0.0
2200,1,1.1381013895914756,0.0
2201,0,0.7948644625718241,0.0
2202,0,0.19334540981476805,0.0
2203,1,0.3765147454287588,0.0
2204,0,0.32151820957961424,0.0
2205,1,0.0,0.0
2206,0,1.4550061348772374,0.0
2207,0,2.3845933877154724,0.0
2208,0,1.3413337805899532,0.0
2209,1,2.3845933877154724,0.0
2210,1,1.0633997539812243,0.0
2211,1,1.6153697142588683,0.0
2212,1,1.1706185721512319,0.0
2213,1,1.046894658021427,0.0
2214,1,0.5299096417145494,0.0
2215,0,1.5329528921028037,0.0
2216,0,0.9755154767926932,0.0
2217,0,1.7083654120946667,0.0
2218,1,0.8175748757881619,0.0
2219,1,0.4208105978321422,0.0
2220,1,2.9929080274388076,0.0
2221,1,0.1572259376515696,12.79654433217262
2222,0,0.11177781504916277,0.0
2223,0,0.2861512065258567,0.0
2224,0,6.208941273674249,0.0
2225,1,0.9538373550861889,0.0
2226,1,0.1255049151429196,0.0
2227,1,1.3880468973269169,0.0
2228,1,0.5879819312175137,0.0
2229,0,1.4728370924124976,0.0
2230,0,0.8098619052618585,0.0
2231,0,1.221377101024998,0.0
2232,1,1.0520264945803555,0.0
2233,0,1.122161594219046,0.0
2234,0,1.5408141889853824,17.915162065041667
2235,0,1.0075746708656925,0.0
2236,1,1.0520264945803555,0.0
2237,1,0.29807417346443404,0.0
2238,0,1.2916547516792143,0.0
2239,1,1.3006873023902576,0.0
2240,0,0.39198795414500914,0.0
2241,1,1.046894658021427,0.0
2242,0,1.9871611564295604,0.0
2243,1,1.1241654542087227,16.635507631824403
2244,0,0.31794578502872967,0.0
2245,1,0.10219685947352024,0.0
2246,0,1.277460743419003,0.0
2247,0,0.561080797109523,0.0
2248,1,0.8254361726707405,0.0
2249,1,1.1148748306202207,0.0
2250,1,0.96095554430325,0.0
2251,0,0.1277460743419003,0.0
2252,1,0.12125051123976978,0.0
2253,0,0.11922966938577362,0.0
2254,0,0.464531179425092,0.0
2255,1,1.0520264945803555,0.0
2256,1,1.0633997539812243,0.0
2257,1,1.3006873023902576,0.0
2258,1,1.4090779109227791,0.0
2259,1,1.0677283825591666,0.0
2260,0,1.1083321379522617,0.0
2261,0,0.96095554430325,0.0
2262,0,0.3576890081573209,0.0
2263,1,0.13006873023902576,0.0
2264,1,0.5171407346852831,0.0
2265,0,1.3880468973269169,0.0
2266,1,0.34615065305547177,0.0
2267,0,0.9382006771339564,9.544963395309086
2268,1,1.3935935382752762,0.0
2269,0,0.94682384512232,0.0
2270,1,1.0040393211433567,0.0
2271,0,1.5467632785181444,31.472582006154283
2272,1,1.1600724588886082,10.490860668718094
2273,0,0.7153780163146418,0.0
2274,1,0.2649548208572747,0.0
2275,1,0.40878743789408095,0.0
2276,0,0.429226809788785,0.0
2277,0,0.7704070944926912,0.0
2278,0,1.4307560326292836,0.0
2279,1,1.5174685194553006,17.64372021557134
2280,0,0.9104811116731802,0.0
2281,1,1.0219685947352024,0.0
2282,0,0.6430364191592285,0.0
2283,0,0.9755154767926932,0.0
2284,1,0.6131811568411215,0.0
2285,0,0.6654679221531551,0.0
2286,0,1.0088664332642383,0.0
2287,1,0.1375726954451234,0.0
2288,1,0.2823860590715691,0.0
2289,1,0.6503436511951288,0.0
2290,0,0.9867282983650231,0.0
2291,1,0.14903708673221702,0.0
2292,1,0.19334540981476805,0.0
2293,1,0.4208105978321422,0.0
2294,1,1.0633997539812243,0.0
2295,1,1.4307560326292836,0.0
2296,1,1.3139596218024032,0.0
2297,0,5.76917755092453,0.0
2298,1,2.276202779182951,0.0
2299,1,0.9982018832297326,13.54052946776405
2300,1,0.4270913530236667,0.0
2301,1,0.0,0.0
2302,0,0.8671248682601718,0.0
2303,1,1.244135680547203,0.0
2304,0,0.9799698853625228,0.0
2305,1,0.10520264945803555,0.0
2306,1,0.10677283825591667,0.0
2307,1,1.5329528921028037,0.0
2308,1,0.3866908196295361,0.0
2309,1,0.6062525561988489,0.0
2310,1,0.4471112601966511,0.0
2311,1,0.2649548208572747,0.0
2312,0,1.0219685947352024,0.0
2313,1,0.21354567651183334,0.0
2314,1,1.1446048261034267,0.0
2315,1,1.1922966938577362,0.0
2316,1,1.0099454347971413,0.0
2317,0,0.33664847826571376,0.0
2318,0,0.22355563009832555,0.0
2319,1,0.9171513029674893,0.0
2320,0,0.30659057842056076,0.0
2321,0,1.5329528921028037,0.0
2322,0,1.1177781504916278,0.0
2323,1,0.3301744690682962,0.0
2324,1,1.2090896050388311,0.0
2325,0,5.999944652961512,0.0
2326,0,1.4307560326292836,0.0
2327,1,0.85845361957757,0.0
2328,0,1.0384519591664154,0.0
2329,0,1.1295442362862764,0.0
2330,0,0.29807417346443404,0.0
2331,0,0.2751453908902468,0.0
2332,1,1.384602612221887,0.0
2333,1,1.0677283825591666,0.0
2334,1,0.22355563009832555,0.0
2335,1,0.8633872610693952,0.0
2336,1,1.1446048261034267,0.0
2337,1,0.7400462237737673,0.0
2338,1,0.24668207459125577,0.0
2339,1,1.226362313682243,0.0
2340,1,1.27493111818451,0.0
2341,1,1.0839060853252147,0.0
2342,1,0.6676861485603323,0.0
2343,1,0.7153780163146418,0.0
2344,0,0.0861901224475472,0.0
2345,1,0.10839060853252147,0.0
2346,1,1.5897289251436482,0.0
2347,1,0.941286863571897,0.0
2348,1,0.9538373550861889,0.0
2349,1,1.0689556565621083,0.0
2350,1,0.33664847826571376,0.0
2351,0,1.0354155499290867,0.0
2352,0,0.1277460743419003,0.0
2353,1,1.0075746708656925,0.0
2354,1,0.5109842973676012,0.0
2355,0,0.905541792803344,0.0
2356,1,0.9818913949416652,0.0
2357,1,0.7948644625718241,0.0
2358,1,0.21354567651183334,0.0
2359,1,1.1446048261034267,0.0
2360,0,1.7032809912253373,0.0
2361,1,1.1005815635609872,12.79654433217262
2362,0,0.19871611564295602,0.0
2363,1,0.8942225203933022,0.0
2364,1,1.0798158736824781,0.0
2365,0,1.0367797337893359,0.0
2366,1,0.9382006771339564,0.0
2367,1,2.146134048943925,0.0
2368,1,0.9630088681158638,0.0
2369,1,0.2649548208572747,0.0
2370,1,0.4335624341300859,0.0
2371,1,0.9538373550861889,0.0
2372,1,0.6654679221531551,0.0
2373,1,1.286072838318457,0.0
2374,1,0.7948644625718241,0.0
2375,0,1.4052068177609034,0.0
2376,1,0.429226809788785,0.0
2377,1,0.22011631271219748,0.0
2378,1,0.8471581772147072,0.0
2379,0,0.9538373550861889,0.0
2380,1,3.152513292234014,0.0
2381,0,1.157229144038391,0.0
2382,0,0.8076848571294342,0.0
2383,0,0.5666360525264489,0.0
2384,1,0.6706668902949766,0.0
2385,0,1.4699548280437842,0.0
2386,1,0.23845933877154724,0.0
2387,0,1.3139596218024032,0.0
2388,1,0.3866908196295361,0.0
2389,1,0.0,0.0
2390,1,1.0219685947352024,0.0
2391,1,0.31560794837410666,0.0
2392,1,1.055475761775701,0.0
2393,1,1.110069335660651,0.0
2394,0,0.14307560326292834,0.0
2395,1,1.2624317934964266,0.0
2396,1,0.6387303717095015,0.0
2397,0,0.804800268353972,0.0
2398,0,0.40493095263092926,0.0
2399,0,5.985816054877615,0.0
2400,0,0.8361561229651656,0.0
2401,0,1.1800049753643576,0.0
2402,1,0.8942225203933022,0.0
2403,1,1.244135680547203,0.0
2404,0,0.464531179425092,0.0
2405,1,1.404012929215652,10.88304237595989
2406,0,3.093526557036289,0.0
2407,0,0.3518252539252336,0.0
2408,1,1.1341358795232126,0.0
2409,0,0.2861512065258567,23.28971068455417
2410,1,1.4141193345754546,0.0
2411,0,0.7530294908575176,0.0
2412,1,0.5234473290107134,0.0
2413,1,0.5202749209561031,0.0
2414,1,0.681312396490135,0.0
2415,1,0.29399096560875687,0.0
2416,1,0.9789383381147729,0.0
2417,0,0.8942225203933022,0.0
2418,1,1.27493111818451,0.0
2419,0,0.8942225203933022,0.0
2420,1,0.9197717352616821,0.0
2421,1,0.3687515548013617,0.0
2422,0,0.1882573727143794,0.0
2423,1,1.1922966938577362,0.0
2424,0,0.4425018657616341,0.0
2425,1,1.0405498419122061,0.0
2426,1,0.4208105978321422,0.0
2427,0,5.762767353645725,0.0
2428,1,0.2751453908902468,0.0
2429,1,2.4490418576537283,31.472582006154283
2430,1,0.9538373550861889,19.40809223712847
2431,1,1.0384519591664154,0.0
2432,1,0.15220808857758333,0.0
2433,0,1.1341358795232126,0.0
2434,1,1.1922966938577362,0.0
2435,0,1.1922966938577362,0.0
2436,1,1.1600724588886082,0.0
2437,1,1.8122909746637592,0.0
2438,0,1.3178016090006557,0.0
2439,1,1.226362313682243,0.0
2440,0,1.1295442362862764,0.0
2441,1,0.34615065305547177,0.0
2442,0,0.13497698421030976,0.0
2443,0,0.36375153371930935,0.0
2444,1,0.21843603551592114,0.0
2445,1,1.0839060853252147,0.0
2446,0,1.1446048261034267,0.0
2447,1,0.8850037315232682,0.0
2448,1,0.7948644625718241,0.0
2449,1,0.24250102247953956,0.0
2450,1,0.1882573727143794,0.0
2451,0,0.5234473290107134,0.0
2452,1,1.1295442362862764,0.0
2453,1,0.8942225203933022,0.0
2454,0,5.754127522530814,0.0
2455,0,0.3353334451474883,0.0
2456,1,0.7337210423739915,0.0
2457,1,1.1446048261034267,0.0
2458,0,1.3371551706815732,0.0
2459,0,1.0333238013433712,0.0
2460,1,0.3301744690682962,0.0
2461,1,0.9935805782147802,0.0
2462,1,1.2840118241544851,0.0
2463,1,0.94682384512232,0.0
2464,0,0.9273418730004614,0.0
2465,0,1.3478136539261367,0.0
2466,1,0.0,0.0
2467,1,1.36262479298027,0.0
2468,0,0.85845361957757,0.0
2469,1,0.17884450407866045,0.0
2470,1,1.236455830667282,0.0
2471,1,1.6742889743534168,0.0
2472,0,1.236455830667282,0.0
2473,0,1.0839060853252147,0.0
2474,1,0.9538373550861889,0.0
2475,1,1.0730670244719624,0.0
2476,1,0.8724122150178557,0.0
2477,1,0.5647721181431382,0.0
2478,1,0.26995396842061953,0.0
2479,1,0.36375153371930935,0.0
2480,0,0.18343026059349787,0.0
2481,0,1.1922966938577362,0.0
2482,0,1.179194532386772,0.0
2483,1,0.2307671020369812,0.0
2484,0,1.660698966444704,0.0
2485,0,0.9068172037791233,16.401204707432512
2486,1,1.1381013895914756,0.0
2487,1,1.1071326442964693,0.0
2488,0,0.2787187076550552,0.0
2489,1,0.2823860590715691,0.0
2490,1,0.09667270490738403,0.0
2491,0,1.0730670244719624,0.0
2492,1,0.9538373550861889,0.0
2493,0,1.46327321518904,26.46558032335701
2494,1,0.17032809912253374,0.0
2495,0,1.4477888425415368,0.0
2496,1,0.9935805782147802,0.0
2497,1,1.1922966938577362,0.0
2498,0,7.1537801631464175,0.0
2499,1,0.2649548208572747,0.0
2500,1,0.429226809788785,0.0
2501,1,0.5863754232087227,0.0
2502,1,0.30441617715516667,0.0
2503,1,0.2649548208572747,0.0
2504,0,1.1922966938577362,0.0
2505,1,0.7275030674386187,0.0
2506,1,1.1083321379522617,0.0
2507,1,1.3782512240924292,0.0
2508,1,1.236455830667282,0.0
2509,1,1.0219685947352024,0.0
2510,1,0.941286863571897,0.0
2511,1,0.9755154767926932,0.0
2512,0,1.2739608509712796,0.0
2513,0,1.0219685947352024,0.0
2514,1,0.6387303717095015,0.0
2515,0,0.8361561229651656,15.123188756204005
2516,1,0.31103392013680076,0.0
2517,1,0.1625859127987822,0.0
2518,1,0.32031851476775003,0.0
2519,1,0.17448244300357116,0.0
2520,1,0.4850020449590791,0.0
2521,0,1.6024467565447975,0.0
2522,1,1.4027019927738074,0.0
2523,0,0.20735594675786717,0.0
2524,1,0.29807417346443404,32.34682039521412
2525,0,1.112810247600554,0.0
2526,1,0.7530294908575176,0.0
2527,1,1.1177781504916278,0.0
2528,1,0.47691867754309447,0.0
2529,1,0.9171513029674893,0.0
2530,0,1.3006873023902576,0.0
2531,1,1.0769131428392456,0.0
2532,1,1.1005815635609872,0.0
2533,1,0.9104811116731802,0.0
2534,0,0.4615342040739624,0.0
2535,1,0.8416211956642844,0.0
2536,1,1.3592182309978194,0.0
2537,1,1.0219685947352024,0.0
2538,0,1.0633997539812243,0.0
2539,1,1.0598192834290987,0.0
2540,1,0.7432498870801473,0.0
2541,0,1.2677585099246815,0.0
2542,0,0.09538373550861891,0.0
2543,1,1.3337556236374677,0.0
2544,0,0.10839060853252147,0.0
2545,0,1.0219685947352024,0.0
2546,1,1.2692190612033967,0.0
2547,0,0.8254361726707405,0.0
2548,1,0.31103392013680076,0.0
2549,1,0.11177781504916277,0.0
2550,1,1.3006873023902576,0.0
2551,1,1.2717831401149187,0.0
2552,1,0.5399079368412391,0.0
2553,1,1.0040393211433567,0.0
2554,0,0.2682667561179906,0.0
2555,1,0.9171513029674893,0.0
2556,1,0.44023262542439495,0.0
2557,0,0.9799698853625228,0.0
2558,1,0.5961483469288681,0.0
2559,0,1.36262479298027,0.0
2560,0,1.2692190612033967,0.0
2561,1,0.49336414918251154,0.0
2562,1,0.7804123814341546,0.0
2563,0,1.1582310740332296,0.0
2564,0,0.8175748757881619,0.0
2565,1,1.2399885616120456,0.0
2566,1,0.2861512065258567,0.0
2567,1,1.0040393211433567,0.0
2568,0,0.37002311188688364,0.0
2569,0,2.24222960337425,17.380381107876243
2570,1,0.24668207459125577,0.0
2571,0,0.941286863571897,0.0
2572,0,3.1794578502872963,0.0
2573,1,0.14307560326292834,0.0
2574,1,0.9867282983650231,0.0
2575,1,0.393064844128924,12.79654433217262
2576,1,0.9132485314655,0.0
2577,0,1.0492210905948078,0.0
2578,0,1.0598192834290987,0.0
2579,0,5.411192687508187,14.929301720868056
2580,0,1.9076747101723779,0.0
2581,1,1.081385373498877,0.0
2582,1,1.0730670244719624,0.0
2583,0,0.9230684081479248,0.0
2584,1,1.0598192834290987,0.0
2585,0,0.15220808857758333,0.0
2586,1,1.3790419591607552,14.02994619551456
2587,0,0.8942225203933022,0.0
2588,0,0.9538373550861889,0.0
2589,1,1.091254601157928,0.0
2590,1,1.0598192834290987,0.0
2591,1,0.13006873023902576,0.0
2592,0,1.1177781504916278,0.0
2593,1,1.0219685947352024,0.0
2594,1,0.6706668902949766,0.0
2595,0,1.2624317934964266,0.0
2596,1,0.3251718255975644,0.0
2597,1,1.3478136539261367,0.0
2598,0,0.9982018832297326,0.0
2599,1,1.0633997539812243,0.0
2600,0,1.1727508464174454,0.0
2601,1,1.1922966938577362,0.0
2602,1,0.5723024130517134,0.0
2603,1,1.157229144038391,0.0
2604,1,0.13247741042863734,0.0
2605,1,1.3337556236374677,0.0
2606,0,0.8759730812016021,0.0
2607,0,0.8346076857004153,0.0
2608,0,1.2624317934964266,0.0
2609,1,0.3866908196295361,0.0
2610,0,2.0898683622674925,39.25232137846208
2611,1,1.255049151429196,0.0
2612,1,0.46655088020520114,0.0
2613,1,1.0449341811337463,0.0
2614,1,1.4847468263134074,0.0
2615,1,0.49336414918251154,0.0
2616,1,0.9230684081479248,0.0
2617,0,0.41271808633537027,0.0
2618,1,1.0405498419122061,0.0
2619,1,0.85845361957757,0.0
2620,0,1.1624892765112929,0.0
2621,1,0.9171513029674893,0.0
2622,0,0.7053022696059847,0.0
2623,0,1.1727508464174454,0.0
2624,0,0.46655088020520114,0.0
2625,1,0.13247741042863734,0.0
2626,1,1.0941075543635699,0.0
2627,0,0.7775848003420018,0.0
2628,1,0.8516404956126686,0.0
2629,1,1.2916547516792143,0.0
2630,0,0.9630088681158638,0.0
2631,1,0.96095554430325,0.0
2632,1,1.1772043306443472,0.0
2633,1,0.29807417346443404,0.0
2634,1,0.11177781504916277,0.0
2635,1,1.153835510184906,0.0
2636,1,0.2861512065258567,0.0
2637,1,0.9273418730004614,0.0
2638,1,0.21547530611886798,7.01497309775728
2639,1,0.8942225203933022,0.0
2640,0,1.1645688637680216,0.0
2641,0,1.5804863151137434,0.0
2642,1,0.9480913469230192,0.0
2643,1,0.5502907817804936,0.0
2644,0,1.0929386360362583,0.0
2645,1,0.17448244300357116,0.0
2646,0,0.9448388894721683,0.0
2647,0,0.4208105978321422,0.0
2648,0,0.24668207459125577,0.0
2649,0,1.0405498419122061,0.0
2650,1,1.3757269544512343,0.0
2651,1,1.2307578775305665,0.0
2652,1,1.0015292228404986,0.0
2653,0,0.7153780163146418,0.0
2654,1,2.1702479146623963,0.0
2655,1,0.6878634772256171,0.0
2656,1,0.7948644625718241,0.0
2657,1,0.9197717352616821,0.0
2658,1,1.4307560326292836,0.0
2659,1,0.1882573727143794,0.0
2660,1,0.8647426570836328,0.0
2661,0,1.9076747101723779,0.0
2662,0,1.5329528921028037,0.0
2663,0,0.8076848571294342,0.0
2664,1,0.3866908196295361,0.0
2665,1,1.1083321379522617,0.0
2666,0,1.0886187204788027,0.0
2667,0,0.7474098677914167,0.0
2668,0,2.01200067088493,36.390172944615884
2669,0,1.0088664332642383,0.0
2670,1,1.2048471853720282,0.0
2671,1,1.157229144038391,0.0
2672,1,0.8724122150178557,0.0
2673,1,0.8076848571294342,0.0
2674,0,0.2919910270672007,0.0
2675,1,1.081385373498877,0.0
2676,0,1.2147928578927878,0.0
2677,0,0.5109842973676012,0.0
2678,1,1.1148748306202207,0.0
2679,0,0.9836447724326325,0.0
2680,1,1.1177781504916278,0.0
2681,1,1.0219685947352024,0.0
2682,0,0.9867282983650231,0.0
2683,1,0.85845361957757,0.0
2684,0,1.0354155499290867,0.0
2685,0,0.7948644625718241,0.0
2686,1,1.0730670244719624,0.0
2687,1,0.21354567651183334,0.0
2688,0,0.8471581772147072,0.0
2689,0,1.0706337659130694,7.921670300868764
2690,0,1.0075746708656925,0.0
2691,1,0.17032809912253374,0.0
2692,1,0.5723024130517134,0.0
2693,0,0.929062358850184,0.0
2694,1,0.2649548208572747,0.0
2695,0,1.8090018803358758,0.0
2696,0,0.7630698840689513,0.0
2697,1,1.0219685947352024,0.0
2698,0,0.8175748757881619,0.0
2699,1,1.251911528550623,0.0
2700,1,1.0219685947352024,0.0
2701,0,0.22011631271219748,0.0
2702,1,1.3206978762731847,0.0
2703,0,0.8619012244754719,0.0
2704,1,1.046894658021427,0.0
2705,0,1.0219685947352024,0.0
2706,1,1.699022788747274,0.0
2707,1,2.3845933877154724,0.0
2708,1,1.0040393211433567,0.0
2709,1,0.9630088681158638,0.0
2710,1,1.091254601157928,0.0
2711,1,0.5723024130517134,0.0
2712,1,1.5329528921028037,0.0
2713,0,0.4270913530236667,0.0
2714,1,1.4307560326292836,0.0
2715,0,0.9538373550861889,0.0
2716,1,1.090099834384216,0.0
2717,1,0.9799698853625228,0.0
2718,1,0.3251718255975644,0.0
2719,1,0.812929563993911,0.0
2720,1,1.3206978762731847,0.0
2721,1,1.2334103729562789,0.0
2722,0,0.37002311188688364,0.0
2723,1,0.19334540981476805,0.0
2724,0,1.467442084747983,0.0
2725,1,0.8831827361909157,0.0
2726,0,0.8346076857004153,0.0
2727,1,0.7153780163146418,23.28971068455417
2728,1,1.1295442362862764,0.0
2729,1,0.46655088020520114,0.0
2730,1,1.210639719917086,0.0
2731,1,1.171739854308465,0.0
2732,0,2.9662015310607095,28.402086200675814
2733,0,0.9230684081479248,0.0
2734,0,1.1745012208150833,0.0
2735,0,0.44023262542439495,0.0
2736,0,1.0839060853252147,17.64372021557134
2737,0,0.6503436511951288,0.0
2738,1,0.10219685947352024,0.0
2739,1,1.2313883887383177,0.0
2740,1,0.9844651600660208,0.0
2741,1,1.5060589817150352,0.0
2742,1,0.17032809912253374,0.0
2743,0,0.3765147454287588,0.0
2744,0,1.110069335660651,0.0
2745,0,1.0886187204788027,0.0
2746,1,0.20439371894704048,0.0
2747,0,0.3406561982450675,0.0
2748,0,0.9448388894721683,0.0
2749,1,0.8175748757881619,0.0
2750,1,0.9538373550861889,0.0
2751,1,1.1446048261034267,0.0
2752,1,0.36686052118699575,0.0
2753,1,0.8633872610693952,0.0
2754,1,0.4877577383963466,0.0
2755,0,1.746853295652032,0.0
2756,1,1.3497698421030977,0.0
2757,1,0.41271808633537027,0.0
2758,1,3.251718255975644,15.123188756204005
2759,1,0.2823860590715691,0.0
2760,0,0.3301744690682962,0.0
2761,1,0.3765147454287588,0.0
2762,0,1.244135680547203,0.0
2763,1,1.4800924475475346,20.077336797029453
2764,0,1.277460743419003,0.0
2765,0,1.3139596218024032,0.0
2766,1,0.9836447724326325,0.0
2767,0,1.0219685947352024,0.0
2768,0,0.7153780163146418,0.0
2769,0,1.1645688637680216,0.0
2770,1,1.2381542590061108,0.0
2771,1,0.3489648860071423,0.0
2772,1,1.1922966938577362,0.0
2773,1,1.1295442362862764,0.0
2774,0,1.153835510184906,0.0
2775,1,0.9905234072048886,0.0
2776,1,1.2399885616120456,15.526473789702779
2777,1,0.806059736692554,0.0
2778,0,0.5647721181431382,0.0
2779,1,1.153835510184906,0.0
2780,1,0.4706434317859485,0.0
2781,1,0.29001811472215205,0.0
2782,1,0.3866908196295361,0.0
2783,1,1.4090779109227791,0.0
2784,0,0.7664764460514019,0.0
2785,0,0.9538373550861889,0.0
2786,0,1.153835510184906,0.0
2787,0,2.461515755061133,0.0
2788,1,0.7451854336610851,0.0
2789,1,1.2717831401149187,0.0
2790,1,1.1148748306202207,0.0
2791,0,0.23845933877154724,0.0
2792,0,2.57536085873271,0.0
2793,0,1.178269673929998,0.0
2794,1,1.178269673929998,0.0
2795,1,0.2716625378410032,0.0
2796,0,1.226362313682243,0.0
2797,0,0.5109842973676012,0.0
2798,0,1.854683746000923,14.376364620095163
2799,0,0.14599551353360035,0.0
2800,1,0.2649548208572747,0.0
2801,1,1.055475761775701,0.0
2802,1,1.36262479298027,0.0
2803,1,0.5171407346852831,0.0
2804,1,0.23845933877154724,0.0
2805,1,0.3518252539252336,0.0
2806,1,2.7739147571384066,0.0
2807,0,0.8942225203933022,20.794384539780506
2808,1,1.1922966938577362,0.0
2809,1,0.8819728968262706,0.0
2810,0,1.157229144038391,0.0
2811,1,1.244135680547203,0.0
2812,1,0.1153835510184906,0.0
2813,1,0.8346076857004153,0.0
2814,0,0.7400462237737673,0.0
2815,1,0.14903708673221702,0.0
2816,1,0.15897289251436483,0.0
2817,1,0.9789383381147729,12.257742465554825
2818,1,0.5049727173985706,0.0
2819,1,0.9867282983650231,0.0
2820,0,0.10075746708656926,0.0
2821,1,1.1706185721512319,0.0
2822,1,0.9368045451739356,0.0
2823,0,1.1645688637680216,0.0
2824,1,2.2282266081931463,0.0
2825,0,0.33273396107657754,0.0
2826,1,1.251911528550623,0.0
2827,1,0.9630088681158638,0.0
2828,1,0.5020196605716784,0.0
2829,1,0.47691867754309447,0.0
2830,1,0.6979297720142846,0.0
2831,1,0.9982018832297326,0.0
2832,0,5.653793999906039,0.0
2833,1,1.36262479298027,0.0
2834,0,1.9510309535853865,0.0
2835,0,0.85845361957757,0.0
2836,1,0.8175748757881619,0.0
2837,0,0.804800268353972,0.0
2838,0,1.0015292228404986,0.0
2839,0,0.1882573727143794,0.0
2840,0,6.05319859958543,0.0
2841,0,0.6603489381365923,0.0
2842,0,1.0075746708656925,0.0
2843,1,1.0730670244719624,0.0
2844,0,1.1355206608168915,0.0
2845,1,0.4208105978321422,0.0
2846,1,0.1375726954451234,0.0
2847,0,0.37162494354007364,0.0
2848,1,0.9700040899181582,0.0
2849,1,0.29001811472215205,0.0
2850,0,1.277460743419003,0.0
2851,1,0.10219685947352024,0.0
2852,1,5.365335122359813,10.038668398514726
2853,0,1.3139596218024032,0.0
2854,1,1.1645688637680216,0.0
2855,1,0.2307671020369812,0.0
2856,0,1.7884450407866044,0.0
2857,0,1.4307560326292836,0.0
2858,1,0.9538373550861889,0.0
2859,1,1.1446048261034267,0.0
2860,0,1.055475761775701,0.0
2861,0,1.0949663515020027,0.0
2862,1,1.2490727268985806,0.0
2863,0,0.31103392013680076,0.0
2864,1,0.38323822302570093,0.0
2865,1,0.2649548208572747,0.0
2866,1,0.9273418730004614,0.0
2867,1,0.8804652508487899,0.0
2868,1,0.4335624341300859,0.0
2869,0,0.20735594675786717,0.0
2870,0,1.1600724588886082,0.0
2871,1,0.3301744690682962,0.0
2872,0,6.067130011782404,0.0
2873,0,1.0568084331920844,0.0
2874,1,0.44159136809545785,0.0
2875,1,0.2751453908902468,0.0
2876,1,0.37002311188688364,0.0
2877,0,1.0633997539812243,0.0
2878,1,2.146134048943925,0.0
2879,1,1.315637731153364,0.0
2880,1,1.1511830147591935,0.0
2881,1,1.0219685947352024,0.0
2882,1,0.7610404428879167,0.0
2883,1,1.0598192834290987,0.0
2884,1,0.1625859127987822,0.0
2885,0,1.091254601157928,19.737042953012008
2886,0,0.5502907817804936,0.0
2887,1,0.9982018832297326,0.0
2888,1,0.403029868346277,0.0
2889,0,0.403029868346277,0.0
2890,0,1.36262479298027,0.0
2891,0,5.706948220038153,0.0
2892,0,0.7664764460514019,0.0
2893,1,0.20439371894704048,0.0
2894,1,1.091254601157928,0.0
2895,0,0.7948644625718241,0.0
2896,0,0.5723024130517134,0.0
2897,1,0.11177781504916277,0.0
2898,1,0.3406561982450675,0.0
2899,1,1.0432596071255194,0.0
2900,0,1.0219685947352024,0.0
2901,0,6.038905332526196,0.0
2902,1,0.7948644625718241,0.0
2903,1,1.1922966938577362,0.0
2904,0,1.6636698053828878,81.2431768065843
2905,0,1.0598192834290987,0.0
2906,1,0.9273418730004614,0.0
2907,1,0.47691867754309447,0.0
2908,1,1.457251514715011,0.0
2909,0,1.2147928578927878,0.0
2910,1,1.3910128095006922,0.0
2911,0,1.1404577071682693,0.0
2912,0,7.1537801631464175,0.0
2913,1,5.055337981956802,0.0
2914,1,0.9068172037791233,0.0
2915,1,0.9368045451739356,0.0
2916,1,1.122161594219046,0.0
2917,0,1.2624317934964266,0.0
2918,1,1.110069335660651,0.0
2919,1,0.22710413216337832,0.0
2920,1,0.5234473290107134,0.0
2921,1,0.8942225203933022,0.0
2922,0,0.09538373550861891,0.0
2923,1,1.236455830667282,0.0
2924,1,0.5588890752458139,0.0
2925,1,0.45420826432675665,0.0
2926,0,0.6503436511951288,0.0
2927,1,0.39743223128591204,0.0
2928,0,1.0108602404446023,0.0
2929,1,1.2840118241544851,0.0
2930,0,1.091254601157928,0.0
2931,0,1.0677283825591666,0.0
2932,1,1.1922966938577362,0.0
2933,1,0.31560794837410666,0.0
2934,1,0.31794578502872967,0.0
2935,0,1.29002593105919,0.0
2936,1,0.9273418730004614,0.0
2937,0,0.39198795414500914,0.0
2938,1,0.3518252539252336,0.0
2939,1,0.8942225203933022,0.0
2940,1,0.806059736692554,0.0
2941,1,1.4307560326292836,0.0
2942,1,0.4471112601966511,0.0
2943,1,0.31103392013680076,0.0
2944,1,1.5467632785181444,0.0
2945,0,1.5648894106882787,0.0
